Nombre,Letra
Labios Rotos,"Regalame tu corazón y dejame entrar a ese lugar, donde nacen las flores donde nace el amor Entregame tus labios rotos lo quiero besar, los quiero curar, los voy a cuidar con todo mi amor Es raro el amor aaah es raro el amor aaah que se te aparece cuando menos piensas Es raro el amor aaah es raro el amor aaah no importa la distancia, ni el tiempo ni la edad Moja el desierto de mi alma con tu mirar, con tu tierna voz, con tu mano en mi mano por la eternidad Y entregame esos labios rotos los quiero besar, los quiero curar, los voy a cuidar con todo mi amor Es raro el amor aaah es raro el amor aaah que se te aparece cuando menos piensas"
Te Soñe,"Ruego el tiempo, aquel momento en que mi mundo se paraba entre tus labios. Solo para revivir, derretirme una vez mas mirando tus ojos negros. Tengo ganas de ser aire y me respires para siempre; pues no tengo nada que perder. Todo el tiempo estoy pensando en ti en el brillo del sol, en un rincon del cielo, Todo el tiempo estoy pensando en ti en el eco del mar que retumba en tus ojos de hiel Solo para revivir, derretirme una vez mas mirando tus ojos negros. Tengo ganas de ser aire y me respires para siempre; pues no tengo nada que perder. Todo el tiempo estoy pensando en ti en el brillo del sol, en un rincon del cielo, Todo el tiempo estoy pensando en ti en el eco del mar que retumba en tus ojos de hiel Si te soñe, y te soñe y te soñe una vez mas..."
Luna,"Entiendo que no puedo suplicarle una vez mas, pero nada se detiene, solo vivo para ti, dame solo un beso que me alcance hasta morir, como un vicio que me duele, quiero mirarte a los ojos. Luna, no me abandones mas, que tiendo a recuperarme, de la cuna de tus crateres, silencio se abre la tierra, y se alzan los mares, al compas del volcan. Y cuando te me acercas, se acelra mi motor, me das fiebre, me hago fuego y me vuelvo a consumir, dame solo un beso que me alcance hasta morir, como un vicio que me duele, quiero mirarte a los ojos. Luna, no me abandones mas, que tiendo a recuperarme, de la cuna de tus crateres, silencio se abre la tierra, y se alzan los mares, al compas del volcan."
Vinyl,"Hoy desperté deslizandome en un rayo de luna, embriagado de ti... del calor de tu flor. Un huracán se levanta en la punta del cielo... se abre paso hacia a mi, con violencia de amor, que me hara sentir, que me hara soñar, o que me hara sufrir... Yo se que nunca es sabio abrir tanto la puerta, pero es que arrastro con un peso mortal, y aunque dijiste que era solo cosa de una noche, ya no me aguanto por volverte a tener... En explosión, sin gravedad, gotas de vinyl chorreando las nubes, en explosión, sin gravedad, gotas de vinyl chorreando las nubes. ...se rinden las neuronas... Y aunque me digan que no eres una chica facil, ya no me aguanto por volverte a tener... En explosión, sin gravedad, gotas de vinyl chorreando las nubes, en explosión, sin gravedad, gotas de vinyl chorreando las nubes. ...! Se activan las membranas confibrandose, se rinden las neuronas a fuego lento!... Gotas de vinyl chorreando las nubes, gotas de vinyl chorreando las nubes, gotas de vinyl chorreando las nubes, gotas de vinyl ..."
S.O.S.,"S.O.S. en el radar, suena fuerte la señal, cambio y fuera de control Tengo ganas de reír, pero no paro de llorar se diluye la pared. Un eclipse modular se hace trovador y las lineas de mis manos, se hunden y apuntan la ruta en un mapa que... Se vuelve amor, de mil destinos y transición. De ti, de la amistad, de mil errores y decisiones."
Rocanlover,"Viste de sombra, de fino plástico no la conozco pero pienso que es gay Quiere una nena que le aliviane el corazón Quiere una nena que le aliviane el corazón Rocanroler tecnotronica Go-go dancer, de after hours Dime cómo amas Dime cómo sueñas Y bésame antes de que salga el sol detrás del mundo Y bésame antes de que nos apaguen esta canción Rocanroler tecnotronica Go-go dancer, de after hours Quiere una nena que le aliviane el corazón Dime cómo amas Y bésame antes de que salga el sol,detrás del mundo Y bésame antes de nos apaguen esta canción."
Whatever,"Cualquier usted, cualquier yo, cualquier sueño, cualquier canción, cualquier cura, cualquiera siente el derecho. Cualquiera que esté arriba, cualquiera hacia abajo esté, cualquier dios, el fijar de cualquiera, la necesidad de cualquiera, cualquier quiero. Y todas las arañas en mi mente, y en todas las cosas que nosotros nunca dijimos. Quizá el último día de mi vida, cuando miro la depresión de un mundo en el azul de sus ojos, el hoyo en el corazón tiene ésta depresión. cualquier paz, cualquier guerra, cualquier puerta, cualquier beso, pase lo que pase, Somos el hombre del espacio Y todas las arañas en mi mente, y en todas las cosas que nosotros nunca dijimos. Quizá el último día de mi vida, cuando miro la depresión de un mundo en el azul de sus ojos, el hoyo en el corazón tiene ésta depresión."
Love,"En tu planeta me quede, fue por un tiempo y nunca fue mi plan. Pero mi nave se averio y ahora estoy perdido aqui, en mañanas con tres soles y multiples visiones, montañas transparentes, anemonas de luz, particulas de amor y recuerdos de tiiiiiiiiii. Love, love, love. Love, love, love. En tu planeta me quede, fue por un tiempo y nunca fue mi plan. Pero mi nave se averio y ahora estoy perdido aqui, en mañanas con tres soles y multiples visiones, montañas transparentes, anemonas de luz, particulas de amor y recuerdos de tiiiiiiiiiiiii. Love, love, love. Love, love, love. Love, love, love, love, love..."
Infinito,"SI TU MENTE ESTÁ CERCA DE ALLÍ, DÉJALA FLOTAR COMO UNA NUBE PARA QUE SE ABRA LA PUERTA DE LLAVE DORADA Y PUEDAS VOLVER A RENACER POR DENTRO. HOY ME VOY AL INFINITO, HOY ME VOY AL INFINITO RECOBRÉ LA VISTA AL COMPRENDER QUE TUS OJOS SON EL INFINITO, Y QUE NO ENCUENTRO RAZON PARA DEJAR DE ADORARTE, ME HE ENCONTRADO UN ANGEL EN EL MISMO CIELO. HOY ME VOY AL INFINITO, HOY ME VOY AL INFINITO. POR UN MOMENTO EL INFINITO SE VOLVIÓ MI ESPACIO, Y PUDE VERME EN EL UNIVERSO COMO UNA EXTENSION."
Sombras,"Dicen que ya no siente, que su garganta lagrimas robo, dicen que estas ausente, que andas rondando asi por la soledad. No saltes por la ventana, no te arrodilles que te devoraran. Desenfundar el corazon, y disparar contra las sombras, sombras tapando el sol, sombras tapandote, son tan solo sombras sin pena ni gloria, son una ilusion, una proyeccion de ti. Lamento tus pensamientos, que no me creas nada ya. Desenfundar el corazon, y disparar contra las sombras, sombras tapando el sol, sombras tapandote."
Espiral,"Voy deslizando mi tentaculo espiral Se adhiere en tus paredes terciopelo Transparente, microscopica y lunar Pense en dejarte ir Extraño la paz Escupo sangre efervescente al respirar Hoy mi cerebro se ha negado a funcionar Será que no esta solo Y mis pestañas me han crecido Hasta poder barrer el polvo azul Guardo tus ojos En mi momento perfecto Ves correr espuma de tus pensamientos Derrame cerebral Lluvia acida rescata tus sueños Voy deslizando mi tentaculo espiral Se adhiere en tus paredes terciopelo Transparente, microscopica y lunar Pense en dejarte ir Extraño tus alas sangre efervescente al respirar Ves correr espuma de tus pensamientos Derrame cerebral Lluvia acida rescata tus sueños"
Nada,"Transfusión, de magia pura para el corazón Rimel de miel pa' corregir la tristeza Tattoo mental para marcarse la imaginación Tragos de luz, para alegrarse la vida Televisión, para borrarse de la transmisión Revólver sexual, para la ruleta rusa. Y no se tú, ni qué dirás pero no hay nada mucho qué pensar La oscuridad me acecha incrédula Nada que pueda perder, Nada que no pueda ser, Algo que te alivie Algo que me cure Nada que pueda perder, Nada que no pueda ser, Algo que te alivie Algo que me cure Transfusión, de magia pura para el corazón Rimel de miel pa' corregir la tristeza Televisión, para borrarse de la transmisión Revólver sexual, para la ruleta rusa Y no se tú, ni qué dirás pero no hay nada mucho qué pensar La oscuridad me acecha incrédula Nada que pueda perder, Nada que no pueda ser, Algo que te alivie Algo que me cure Nada que pueda perder, Nada que no pueda ser, Algo que te alivie Algo que me cure (No hay nada que pueda perder Que no pueda ser, que no pueda amar, que pueda soñar)"
The room,hola y bienvenida a mi cuarto no hay salida fácil podemos navegar en la lluvia en el paraguas amarillo permanece atrás y contiene la respiración lejos todas las nubes están en la cama podemos alimentar mis guitarras en cualquier momento por la mañana por la mañana en el arco iris hola y bienvenida a mi cuarto no hay salida fácil lo hace me muestra la manera dentro la gran antena en las mantañas en el arcoiris tu eres unica eres unica bondadosa la única en mi vida eres unica bondadosa eres unica bondadoda la unica que yo quiero cada día de mi vida exhala y se quita su casco no hay guerra en mi cuarto podemos colocar en el césped tiene una risa la mañana por la mañana en el arco iris eres unica bondadosa eres unica bondadoda usted es un mío el único en mi vida eres unica bondadosa eres unica la unica que quiero cada día de mi vida
Fotosintesis,"ROMA QUIERE SER TU DUEÑO, HACERTE ESCLAVO DE SU SUEÑO, SI ES QUE NO YA ES ASÍ. YA NO QUIERO SER TU PERRO SER EL ESCLAVO DE TU SUEÑO, SI ES QUE YA NO ES ASÍ. FOTOSÍNTESIS DE DIOS, PERMANENCIA A VOLUNTAD, FLUORESCENCIA ARTIFICIAL, NO ME ENTIERREN QUE NO ESTOY MUERTO AÚN. YA NO VOY A SER TU PERRO NI EL ESCLAVO DE TU SUEÑO SI ES QUE YA NO ES ASI. FOTOSINTESIS DE DIOS, PERMANENCIA A VOLUNTAD, FLOURESCENCIA ARTIFICIAL, NO ME ENTIERREN QUE NO ESTOY MUERTO AUN. FOTOSINTESIS DE DIOS, PERMANENCIA A VOLUNTAD, FLOURESCENCIA ARTIFICIAL, NO ME ENTIERREN QUE NO ESTOY MUERTO AUN"
Miel,"No se me duele comprender cómo fue que terminamos La risa se quedo detrás llena de polvo y lágrimas rojas Bésame con tus ojos de miel que me hablan de un mundo que ya no conozco Háblame de tí No me dejes sólo Quiero descubrir Por qué le tengo tanto miedo al amor Perdí la ruta del delfín soñé que estaba muerto Más tarde pude revivir estaba sólo en un barco de fuego Bésame con tus ojos de miel que me hablan de un mundo que ya no conozco Háblame de tí No me dejes sólo Quiero descubrir Por qué le tengo tanto miedo al amor Puedes hablarme de tí para que ya no me sienta sólo Puedes hablarme de tí Por qué le tengo tanto miedo al amor, miedo al amor, miedo a la muerte, a la libertad miedo al amor, miedo a la muerte, a la libertad"
Arrullo de estrellas,"En faro de tu amor, en el regazo de tu piel, me dejo llevar al sol. Es que no hay nadie como tu, que me haga sentir sentir así,en un arrullo de estrellas Te lo digo desde el alma y con el corazón abierto en un palmo de luz, despojados del dolor nos volvemos a encontrar. Al final del infinito, entre ríos purpura a la fuente de sal. En el faro de tu amor, en el regazo de tu piel me dejo llevar al sol al final del infinito, entre ríos purpura nos volvemos a encontrar. Eres mi amor eterno mi ángel de la guarda, te lo digo desde al alma, con el corazón abierto. Entre tus alas carmín y en tu mirada tan pasiva de si siempre confiaste en todo lo que soñé, me cuidaste y me guiaste asta aquí. Te lo digo desde el alma, con el corazón abierto eres mi amor amor eterno, mi ángel de la guarda. Te lo dijo desde alma, maría llena eres de gracia ah ahhh ahhh. Te lo digo desde el alma, con el corazón abierto eres mi amor amor eterno, mi ángel de la guarda. Te lo dijo desde alma, maría llena eres de gracia ah ahhh ahhh."
Reptilectric,"Reptilectric tus alas electricas, son de verde cristal, de vapor iluminador, Reptilectric, ya no creo en ningun dios, creo en el mar sideral, y en el templo bajo mi piel. Reptilectric, no me arrepiento de nada, quiero libertad en un mundo material, sentir el amor sin volverme a enamorar, y olvidarme de todo lo que hace sufrir, Reptilectric, no me arrepiento de nada. Reptilectric, profeta galactico, mensajero de luz aqui estamos esperandote, Reptilectric, no me arrepiento de nada, Reptilectric, bienvenido a la tierra. Quiero libertad en un mundo material, sentir el amor sin volverme a enamorar, y olvidarme de todo lo que hace sufrir, Reptilectric, bienvenido a la tierra. Una mañana en el horizonte, bajando por el triangulo del sol, del sol. Quiero libertad en un mundo material, sentire el amor sin volverlo a encarcelar, y soltarme de todo lo que hace sufrir, Reptilectric, bienvenido a la tierra."
Poli,Recuerdo a Poli era mi chica ideal una dulce perla blanca mexicana la cual yo amaba pero nunca pude tener ni mostrarle todo lo que le escribi en el fondo del mar satelites flotando por el universo en busca de señal señales de vida en su constelacion electroradiograma de amor destellos de mil años luz esta es la historia de una vieja cancion la de la primera vez Recuerdo a Poli era mi chica ideal una dulce perla blanca mexicana la cual yo amaba pero nunca pude tener ni mostrarle todo lo que le escribi en la espalda del sol satelites flotando por el universo en busca de señal señales de vida en su constelacion mensajes o evidencia de amor destellos de mil años luz esta es la historia de una vieja cancion la de la primera vez she's all i wanted she's all i needed the dream the dream of all the men in Mexico
Vía lactea,"LLevo tu voz en mi voz, grabada con aerosol tu beso fantasma pegado en mi labio inferiror y el mapa de tu desnudez. Llevo el prima de tus ojos en mi casco de astronauta, la timida aurora de tus celulas Y todas las noches bajo la vía lactea parecen eternas si tu no estas y todas las noches desde mi ventana conjuro tu nombre inmortal Y aveces llora mi piel cuando se empaña de anhelo se infla mi mente con tantos recuerdos que ya no puedo ni dormir y la alfombra de tus sueños sombre un rayo vagabundo desmayan y florece pero no se apaga. Y todas las noches bajo la vía lactea parecen eternas si tu no estas y todas las noches desde mi ventana conjuro tu nombre inmortal vía lactea vía lactea vía lactea si tu no estas vía lactea vía lactea vía lactea si tu no estas... y se que te vuelvo a encontrar."
Espectro sol,"Y parece que encontré la transmisión, de lejos veo mejor y hablo con mi sintetizador, espejo lobular, no me dejes de contener que pierdo la propulsión y no me quites la proyección, que quiero resucitar. Estuviste cerca de perder la calma, por un trozo de universo, y las moléculas se trastornaban, dormían, espectro sol. Estuvimos cerca de perder la calma, por un trozo de universo, y las moléculas se trastornaban, dormían, espectro sol. Lucifer, déjame vivir en paz!"
Fin de semana,"Nubes negras vienen y se van, traficando soledad. Besos, risas y cenizas, navegando obscuridad. Se rinden las horas a tus pies, convulsionan y se van. Quiero un fin de semana en el cielo, desvelarme bailando contigo. Quiero un fin de semana en el cielo, quiero volverte a ver otra vez. Nubes negras vienen y se van, laberintos de papel mache. Quiero un fin de semana en el cielo, desvelarme bailando contigo. Quiero un fin de semana en el cielo... Quiero volverte a ver otra vez."
Ultimos dias,"hoy voy, hoy voy a pasarla bien, me voy a amplificar, me voy a desvanecer, nada me detiene nada que me pueda parar, soy una frecuencia con un millon de megahertz, hey hope, vamos a confeccionar, la telaraña de nuestra realidad, hundirse en la arena bajo la risa del mar, volverse sonambulo y no repetirse jamas. un arbol de look cerebral, soñaba, me enseñaba a respirar, una gamma de felicidad, no tengas miedo de volar, nada te va a lastimar, planeador del alma. hoy voy, hoy voy a crucificar, todas las mentiras que flotan en altamar, traigo estrella en el hombro y relampagos salen de mi, y las hormigas corren aterradas, ja, ja, ja. un arbol de look cerebral, soñaba, me enseñaba a respirar, una gamma de felicidad, no tengas miedo de volar, nada te va a lastimar, planeador del alma. no los dejen entrar, no los dejen destruir, no lo dejen dominar, no los dejen entrar, no los dejen destruir, no lo dejen dominar."
Paula,Yo sé que mentí Yo sé que fallé Que te traicione Y que me aleje de tí Vagando en el denso Mar de la falsedad De espalda al infinito Me puedes matar Me puedes dejar Pero nunca tendrás Que te deje de amar Tu sabes que eres Mi otra mitad Mi espíritu gemelo Paula No me olvides Paula Para siempre Paula en el alma Me falta tu mirada Tu sonrisa dulce Y tu cuerpo al despertar Dónde estás? Dónde estás? Donde vas? Sé que te perdí Cuando resbale Pero nunca jamás Te dejaré de amar Tu sabes que eres Mi otra mitad Mi espírito gemelo Paula No me olvides Paula Para siempre Paula en el alma Me falta tu mirada Tu sonrisa dulce Y tu cuerpo al despertar Dónde estás? Dónde estás? Donde vas? Paula invisible Paula transparente Paula en el alma Me falta tu mirada Tu sonrisa dulce Y tu cuerpo al despertar Dónde estás? Dónde estás? Dónde vas?
Besame mucho,"Bésame, bésame mucho Como si fuera esta la noche la última vez Bésame, bésame mucho que tengo miedo a perderte perderte después Quiero tenerte muy cerca mirarme en tus ojos verte junto a mí Piensa que tal vez mañana yo ya estaré lejos muy lejos de aquí Bésame, bésame mucho Como si fuera esta la noche la última vez Bésame, bésame mucho que tengo miedo a perderte perderte después"
Fantasma,"Dame una señal, Aunque me de miedo, No sé nada de ti, Y me siento muy mal. Sé que donde estas puede ser difícil, O practicamente imposible. Fantasma de mi corazón, Humilde,tierno,justo y soñador, Gracias por todos esos años, Nunca te voy a olvidar. No hace falta ni ver una fotografía, Te llevo en la sangre, Vives en mi ser. Tu espiritu está en las dunas del desierto bajo un cielo inmortal, Te decimos adios. Fantasma de mi corazón, Humilde,tierno,justo y soñador, Gracias por todos esos años, Nunca te vamos a olvidar. (Me siento, me siento muy mal, en donde estás, en donde estás Papá) (Me siento, me siento muy mal, en donde estás, en donde estás Papá)"
Nunca,Nunca me digas que no puedo nunca me digas que creer no ves que ya tengo miedo no me pongas tus cadenas perdóname si no te sigo pero me aburre caminar me construí unas alas de cartón y voy a intentar llegar al sol aunque me muera de calor un vuelo en llamas bautizo lumino reparo los magnetos del amor mientras mis alas se desintegran y vuelvo a caer una vez más en el rincón uh! en el rincón uh! me queme uh vuelvo a intentar mataste al verbo con saliva con tu lenguaje natural creo que aún hay esperanza y por eso me voy a rasurar todas las penas de una vez y vuelo en llamas bautizo lumino recargo los magnetos del amor y abro mis alas sin más superstición que la que me llevo a abandonar un vuelo en llamas bautizo lumino recargo los magnetos del amor mientras mis alas se desintegrarán y vuelvo a caer una vez más en el rincón uh! en el rincón uh! me queme uh! vuelvo a intentar
Corazón atomico,"Dime si me estoy volviendo loko dime por favor si a ti te pasa igual... mi corazón atómico en cuenta regresiva esta parece que perdi el control a mi ya no,ya no me importa nada... Acaricia mi alma suavisa mi ser sintetiza mi sangre y purifica mi amor... Parece que perdi el control pero ya no,ya no me importa nada dime si me estoy volviendo loko dime por favor si ati te pasa iwal... I just don´t know where im going but i know where ill stay i just don´t know wheere to find her but i know where ill stay i just know where to find her but know she can´t hide... Acaricia mi alma suavisa mi ser sintetiza mi sangre y purifica mi amor Acaricia mi alma suavisa mi ser sintetiza mi sangre y purifica mi amor... Acaricia mi alma suavisa mi ser esteriliza mi sangre y purifica mi amor... y purifica mi amor... y purifica mi amor..."
Veneno,"Sobre ti, sobre mi con estrellas que se funden si eres tu, si es el sol o es la luna si es temor, si es rencor o la falsa indiferencia y una mancha de lluvia en tu memoria. Amanece otra vez y las olas se hacen tibias se desangra de sombras perfumadas una araña gigante dando vueltas en el aire y una bola de niebla contraataca Hablemos de luces, hablemos de nada hablemos de cosas de verdad, de lo mortal a veces tan triste y a veces tan libre veneno en la confusión veneno yo sobre ti, sobre mi con estrellas q se funden si eres tu, si es el sol o es la luna Hablemos de luces, hablemos de nada hablemos de cosas de verdad, de lo mortal a veces tan triste y a veces tan libre veneno en la confusión veneno yo Hablemos de luces, hablemos de nada hablemos de cosas de verdad, de lo mortal a veces tan libre eee y a veces tan triste veneno en la confusión veneno yo (esta escrito en el destino)''''.."
No me destruyas,Ya no me destruyas con tus mitomanías no rasques mis alas que me duelen pastillas gigantes recámaras secretas con luces obscenas sáquenme de aquí ya es triste aceptarlo pero no vale llorarlo uno siempre recibe lo que viene dando ya no afiles las navajas ya no me haces daño cuando me las clavas ya no afiles los colmillos ya no me haces daño cuando me desangras ya no me destruyas más ya no me destruyas más ya no me destruyas mejor desaparece no rasques mis alas que me duelen no me destruyas más no me destruyas más no necesito más no me destruyas más ya no afiles las navajas ya no me haces daño cuando me las clavas ya no afiles los colmillos ya no me hacen daño cuando me los hundes ya no me destruyas más a no me destruyas más 
Deja te conecto,"No me pidas que llore por ti, Alguna vez, te vi sometido, Tus ojos caen, y flotan en la oscuridad, Alumbrame, que estoy bien perdido. Y fue una vez, si solo una vez, Que te dije la verdad, si solo una vez, Hinchado en alcohol, perdido en la noche, Soñando con volver, con volver. Y solo quiero que me des, un poco de sinceridad, Y solo quiero que me des, un poco de sinceridad. Déjame verte caer, déjame entrar en tus sueños, No, no, no es cierto que, robaste el grito final, El que esta a la orilla del viento, no, Deja me conecto. Déjame verte caer, déjame entrar en tus sueños, No, no, no es cierto que, robaste el grito final, El que esta a la orilla del viento, no, Deja me conecto. No me pidas que llore por ti, Alguna vez, te vi sometido, Tus ojos caen, y flotan en la oscuridad, Alumbrame, que estoy bien perdido. Y fue una vez, si solo una vez, Que te dije la verdad, si solo una vez, Hinchado en alcohol, perdido en la noche, Soñando con volver, con volver. Y solo quiero que me des, un poco de sinceridad, Y solo quiero que me des, un poco de sinceridad. Déjame verte caer, déjame entrar en tus sueños, No, no, no es cierto que, robaste el grito final, El que esta a la orilla del viento, no, Deja me conecto. Déjame verte caer, déjame entrar en tus sueños, No, no, no es cierto que, robaste el grito final, El que esta a la orilla del viento, no, Deja me conecto. Déjame verte caer, déjame entrar en tus sueños, No, no, no es cierto que, robaste el grito final, El que esta a la orilla del viento, no, Deja me conecto. Déjame verte caer, déjame entrar en tus sueños, No, no, no es cierto que, robaste el grito final, El que esta a la orilla del viento, no, Deja me conecto. Déjame verte caer, déjame entrar en tus sueños, No, no, no es cierto que, robaste el grito final, El que esta a la orilla del viento, no, Deja me conecto. Déjame verte caer, déjame entrar en tus sueños."
Game Over Shanghai,"Dime ¿por que? ¿por que te vas? ¿Donde perdiste tu fe mujer? te abandonaste en el fuego de la falsedad sabes que digo la verdad, yo te conosco bien perdoname, la sinceridad pero me duele verte sufrir siento que vives huyendo de tu corazón Creo que es tiempo de cambiar para mejorarla.. No se acaba, no es que no va, tenemos que hablar ¿por que no vamos a sanghai? se termina deambulan, las emociones al platicar se hacen visibles las luces del amanecer sabes que digo la verdad yo te conosco bien No se acaba, no es que no va, Tenemos que hablar por que no vamos a shangahi No se acaba no es que no va, tenemos que hablar, por que no vamos a shanghai No se acaba no es que no va, tenemos que hablar, por que no vamos a shanghai"
Dead,"Sé, sé, Sé como se siente amor, Como muerde el corazón, Cuando se entrega el alma. Perdón, Nunca quise hacerte mal, siempre que me acerco al fuego, Se me escurre el diablo. Siento que me vo'a morir, Contemplando la membrana azul, De tus ojos fulminando el tiempo, Y el espacio. Siento, que me voy a hundir, Que mis labios no funcionan más, que tus lágrimas de láser, Desintegran mis palabras. Dead, Dead, Dead, Dead, Dead, Dead, Dead, Dead. Perdón, Nunca quise hacerte mal, Siempre que me acerco al fuego, Se me escurre el diablo. Siento que me vo'a morir, Contemplando la membrana azul, De tus ojos fulminando el tiempo, Y el espacio. Siento, que me voy a hundir, Que mis labios no funcionan más, que tus lágrimas de láser, Desintegran mis palabras. Dead, Dead, Dead, Dead, Dead, Dead, Dead, Dead. Siento que me voy a morir, Contemplando la membrana azul, De tus ojos fulminando el tiempo, Y el espacio. Siento, que me voy a hundir, Que mis labios no funcionan más, que tus lágrimas de láser, Desintegran mi alma, Desintegran mi alma, Desintegran mi alma, Desintegran mi alma, Desintegran mi alma, Desintegran mi alma"
10 a.m.,"Son... Son las diez de la mañana, Creo que no he dormido nada, Y tengo que decírtelo, Soy fiel, Hace tiempo que no mido el tiempo, A la melatonina ajustada, Y a los tintes del amanecer. Aléjate de mi, Aléjate por favor, Que ya no aguanto mas Aléjate de mi, Aléjate por favor, Que ya no aguanto mas Son... Son las diez de la mañana, No tengo que ser clarividente, Para darme cuenta que no estas, Que esto y quel, No se supone que los dos tenemos, No funciona como lo queremos, El amor ocupa devoción. Aléjate de mi, Aléjate por favor, Que ya no aguanto mas Aléjate de mi, Aléjate por favor, Que ya no aguanto mas Aléjate de mi, Aléjate por favor, Que ya no aguanto mas Aléjate de mi, Aléjate por favor, Que ya no aguanto mas"
Babilonia,"Doy palabra de honor Todo lo que soy Sin pedirte nada absolutamente Rock capsula de paz Harina de dios Cucharada de amores Babilonia de mi pensamiento Simulacro de tu perverción Pantomima de una noche oscura Mermelada de tu ser Incrustada como piel Voy con mi resistol Caminando hacia ti Pegando las piezas sueltas en mi vida Solo mía, Quiero tenerte solo mía Para enseñarte mi tranvía Y protegerte para siempre Babilonia de mi pensamiento Simulacro de tu prevención Pantomima de una noche oscura Mermelada de tu ser Babilonia de mi pensamiento Simulacro de tu prevención Pantomima de una noche oscura Mermelada de tu ser Incrustada como piel Mermelada de tu ser Incrustada como piel Mermelada soledad Incrustada en tu piel Con receta no hay error."
Mrs. nitro,hey miss a donde vas con el vampiro bipolar estilizado amor ajenjo fino y cegador SEDUCTOR!! un poco de sangre pa teñir la soledad pasame la rabia de tus besos mrs. nitroglicerina detona mis circuitos de robot que ya no tengo nada en que soñar mrs. nitroglicerina ten mis tentaculos enredalos en tu portal suelto mi pestaña para cobijarla mrs. nitroglicerina detona mis circuitos de robot que ya no tengo a nadie en quien soñar mrs. nitroglicerina
Electricidad,"PENSAMOS QUE TODO SERIA MEJOR, SI DEJÁBAMOS QUE LA LUNA Y EL VIENTO DEJARAN DE HABLAR, PARA ESCUCHAR EL SILENCIO DE LA NOCHE, EN TUS OJOS. A VECES LAS COSAS SE DAN AL REVÉS, Y NOS AFERRAMOS VENCIDOS AL ÁRBOL DE LA NOCHE TRISTE, PERO MI AMOR YA NO IMPORTA, TODO PASA Y SE APRENDE. YO SIEMPRE TE DIJE LA VERDAD, SIN MENTIRTE NADA. NECESITO ESTAR CONTIGO UNA VEZ MAS, QUE EN LA ETERNIDAD YA NO SE TIENE FINAL. NECESITO ESTAR CONTIGO UNA VEZ MAS, QUE EN LA ETERNIDAD YA NO SE TIENE, YA NO SE TIENE FINAL (SE REPITE) Y PODER DECIR ADIOS Y DECIRSE LA VERDAD QUE DIFICIL ES YA NO TIENES CONFUSION Y NO GUARDAS MAS RENCOR SE SIENTE BIEN"
Polar,sexo polar perfume de panico silencio mortal y une lagrime de parafina bestia animal la luna te mata se hace polvo en tus labios se desvanece en tus pechos finos Veneno de sangre fria para voler muy lejos y sin destino elevame llevame hasta la nube azul llevame y luego sueltame sueltame que tengo celos de ti sexo polar perfume de panico silencio mortal y une lagrime de parafina sangre de mar canciones galacticas nos vemos despues algun dia nos haremos luces Veneno de sangre fria para voler muy lejos y sin destino elevame llevame hasta la nube azul llevame y luego sueltame sueltame que tengo celos de ti
Corazón De Papel,HOY TODO SIGUE IGUAL TU Y YO NO HEMOS CAMBIADO NO PUEDO AGUANTAR MAS YO CONTIGO FUI CRUEL NO SUPE PARAR A TIEMPO Y AHORA ME QUEMA LA PIEL UNA HISTORIA QUE TERMINA SIN SABER MUY BIEN PORQUE LA ALEGRIA DE MI VIDA UN SUEÑO UNA FANTASIA SE ACABO TODO CON EL NO SUPISTE REACCIONAR NI DAR NUNCA EL PRIMER PASO NO TE GUSTABA LUCHAR EL ORGULLO TE CEGO NO QUISISTE ABRIR LOS OJOS Y LUEGO TE TRAICIONO ES LA HISTORIA DE MI VIDA QUE NUNCA ACABA BIEN UNA MIRADA UN SUSPIRO UN CORAZON DE PAPEL
No hay dolor,"Vamos a levantar un vuelo cosmico, vamos a alimentar la fuente de poder, para sentirse bien, para sentir mejor, vamos a remover el velo toxico, como si fuera el ultimo dia de nuestra vida. No hay dolor no hay dolor no hay dolor no hay dolor. Vamos a levitar vamos a transmutar, hacer el amor con el misterio, para sentirse bien, para sentir mejor, vamos a remover el velo toxico. Despertare es solo un sueño. No hay dolor no hay dolor no hay dolor no hay dolor."
Memo rex,MEMO REX APLASTA EL TIEMPO CON SU GRAVIDA FUERZA RENUNCIO A TODO MENOS A MORIR SIN NI SIQUIERA HABERLO INTENTADO MEMO REX ABRAZA AL MUNDO CON TUS ALAS DE FUEGO DERRAMA TODO LO QUE SANGRA DE TI Y VAMOS POR EL TUNEL DEL AMOR MEMORIA MEMORIA MEMO REX BESAR LA TIERRA MIENTRAS PUEDAS PISARLA BAJAR EL VOLUMEN DE LA REALIDAD PREPARA LAS MALETAS DE UNA VEZ Y TENGO LUZ Y TENGO FUERZA I´M NOT GONNA LOOSE MORE TIME I AM NOT GONNA WASTE IT NOW
La Oscura Habitación,SABES QUE EN EL TIEMPO DE DOLOR TU PODER HA SIDO LO MEJOR Y NO HA HABIDO NADIE A TU FAVOR NUBES EN EL CIELO TE HACEN VER QUE TAN SOLO EN TI ÙEDES CREER NADIE TE HA AYUDADO NI UNA VEZ LA BRUJULA DEL TIEMPO NO APUNTA NADA YA PUES TODO LO HE PERDIDO NO HAY POR QUE LUCHAR EN LA OSCURA HABITACION YO HE ESCRITO TU NOMBRE EN LA OSCURA HABITACION PIENSO EN TI MIENTRAS QUE LA VIDA SE TE VA RECORDANDO TODO LO DE ATRAS VES QUE SOLO HA SIDO UNO MAS SIENTES UN COLOR EN TU INTERIOR QUE TE PIDE A GRITOS TANTO AMOR NADIE TE BRINDO NI UNA OCASION LA BRUJULA DEL TIEMPO NO APUNTA NADA YA PUES TODO LO HE PERDIDO NO HAY POR QUE LUCHAR
Peace and love,"Peace and love, y una carga de metralla, de rodillas al sol; eso ya no me interesa, ni sus guerras ni su Dios. Grito ciego con mi cara de cañón, de maldición, de radio humano. Plomo, plomo sulfurando tu aliento, plomo recargado en tu voz, en tu dia, tanta saliva, malva de niña fina. Tu tu tururututu Peace and Love, como espuma fermentada. Quien te vende dolor disfrazado de placeres? Grita ciego con tu cara de cañón, de maldición, de radio humano. Plomo, plomo sulfurando tu aliento, plomo recargado en tu voz, en tu dia, tanta saliva, malva de niña fina. Plomo, plomo sulfurando tu aliento, plomo recargado en tu voz, en tu dia, tanta saliva, malva de niña fina. Tu tu tururututu"
Asteroide,"Déjate ver, Estuvo chido poder besar, Tu stereo-cuerpo lunar, Tus ojos brillan mas cada vez. Y viajas sobre una asteroide, Clavando tus espinas contra el órbite, De un planeta alado. Y viajas sobre un asteroide, Espérame, Que quiero borrar mi rastro. Asteroide, Asteroide. Quiero volver, Estuvo chido hacer el amor, En el asiento de atrás, Alucinando mas cada vez. Y viajas sobre un asteroide, Clavando tus espinas contra el órbite, De un planeta alado. Y viajas sobre un asteroide, Espérame, Que quiero borrar mi rastro. Pensé en decirte tanto, Pero no pude articular, La nave se destroza lentamente. Asteroide, Asteroide."
Triste sister,Triste sister rodando en el amanecer soltar un mundo paralelo se alinea se que toma tiempo ceder pero me alegro por ti salvaste la batalla y al fin ya no estas embarrada de mi triste sister regálame tu oración a dios préstame la llave maestra préstame el antiguo radar y abraza la lluvia con su sabiduría y tu no no sabes nada todas las máquinas se contorsionaban y tu tuviste valor triste sister y es que me acuerdo de ti te estaban esperando y en fin préstame la llave maestra préstame el antiguo radar todas las máquinas se contorsionaban y tu tuviste valor viste el ombligo del sol de donde se alimenta el corazón todas las máquinas se contorsionaban y tu tuviste valor.
Vacio,"HAY VACIO EN TUS PALABRAS, Y EN TUS OJOS PARA VER TU SOLEDAD A VECES UNA DE ESAS GAVIOTAS QUE YA NO QUIEREN VOLAR (AH,AH,) NO SE NI CUANDO TE ME FUISTE NO SE Y NO SE ME CUESTA TANTO RECORDAR UNA CUESTION ALUCINANTE ME SABE NO ENCONTRATE MAS SOLO SI YA NO QUIERE PUEDE QUE TENGA RAZON SI YO LO SE TAL VEZ ME VI SUMERGIDO AL MODO YO ESTARE CONTIGO HASTA EL FINAL DE LA TORMENTA"
Dulce muñeca,"HAY MIL PREGUNTAS QUE ME HAGO PORQUE QUIERO DECIR LO QUE PIENSO DE TI HOY ME HE PASADO LA NOCHE ESCUCHANDO TU VOZ PERCIBIENDO TU OLOR OTRA VEZ HE ""ESTAO"" SOÑANDO NO, NO HAGO NADA MAS QUE ESTAR EQUIVOCADO Y NO DORMIR EN PAZ NO, MIS DIAS SON TAN LARGOS YO NO PUEDO VIVIR, SEPARADO DE TI AY, DULCE MUÑECA AY, DE PIEL DE SEDA QUE TAL VEZ MAÑANA O PASADO TE TENGA CERCA SE QUE YO NO LO HE HECHO BIEN Y YO NO PUEDO NEGARLO PERO PODEMOS CAMBIARLO TU, TE CREES QUE NO HAS HECHO NADA PERO ESTO ES COSA DE DOS AUNQUE TU PIENSES QUE NO AHORA PIENSA EN TU SAMARA NO, NO HAGO NADA MAS QUE ESTAR EN TI PENSANDO TE TENGO QUE ABRAZAR NO, CADA VEZ QUE LO PIENSO CUANDO TE ACARICIABA Y BESABA TU PELO"
Resiste,"Resiste y existe, no hay lista ni reservacion, altivo el mas vivo, enemigo de la reencarnacion. Tu sabes que yo siempre quise amar, pero soy un libertino mas, tu sabes que yo siempre quise mas, pero soy un libertino mas. Resiste y existe, no hay piso en el elevador, cautivo del vacio, el amigo de la reina evasion. Tu sabes que yo siempre quise amar, pero soy un libertino mas, tu sabes que yo siempre quise mas, pero soy un libertino mas, soy un libertino mas, soy un libertino mas, soy un libertino mas."
Tarántula,Tránsito reumático tarántula voraz suspéndenos entre tus sueños de pez Rascas la madera hasta brotarte la humedad parasitándote la piel Tránsito reumático tarántula voraz sumérgenos entre tus redes de sal Rascas la madera hasta brotarte la humedad parasitándote la piel Y en cuanto tu respires romperemos el cristal Tarántulas en coma con la Tierra Y en cuanto tu respires cruzaremos el umbral oooh ohoh Tránsito reumático tarántula voraz suspéndenos entre tus sueños de pez Rascas la madera hasta brotarte la humedad parasitándote la piel Y en cuanto tu respires romperemos el cristal Tarántulas en coma con la Tierra Y en cuanto tu respires cruzaremos el umbral Tarántulas en coma con la Tierra Y en cuanto tu respires romperemos el cristal Tarántulas en coma con la Tierra Y en cuanto tu respires cruzaremos el umbral Tarántulas en coma con la Tierra oHH Ohh oHH Ohh oHH Tarántula Tarántula Tarántula Tarántula Tarántula Tarántula Tarántula
Frío,"Aliento de bélico acento Demonios de una polución Sirena colgada del cielo Revolver pornográfico Superhipnotizadores pájaros Invertebrados son Noticiero diferido Transmisiones invertidas Frío, frío cuando me hablas Frío cuando tus ojos creen que debo ser como tú crees que es mejor vivir y ser"
Universo,"No soy optimista, no soy muy normal, Todo me asusta, soy del universo, La piel se me ajusta, el espíritu quema, soy otro esperma, soy del universo, Y estoy algo cansado de esperar, Algo desesperado, y voy a renacer en tus ojos que me miran, Y después voy a despertar oh oh hoo Somos del universo del nervio terreno, enfermos sueltos de la planta alta , Otro defecto de la fábrica del capital No soy optimista, no soy muy normal, Todo me asusta, soy del universo, La piel se me ajusta, el espíritu quema, soy otro esperma, soy del universo, Y estoy algo cansado de esperar, Algo desesperado, y voy a renacer en tus ojos que me miran, Y después voy a despertarte con un beso en la frente, Somos el universo del nervio terreno, enfermos sueltos de la planta alta, Otro defecto de la fábrica del capital Otro defecto de la fábrica del capital Otro defecto de la fábrica del capital"
Microscopio,"EL MICROSCOPIO DUERME YA, PENSÉ EN ESCRIBIRLE UN POCO, DE AQUELLA ESTRELLA VEGETAL, QUE PERDIÓ EL MÓRBIDO CRISTAL QUE LE HACIA COMPRENDER LA CURVATURA DEL SUEÑO Y EL SILENCIO ARTIFICIAL. YA NO SE SI PODRÉ SEGUIR PLANTANDO SILUETAS, PERDÓNAME POR MI LEVEDAD. MICROSCOPIO, HAZ DE PENSAR QUE TODO ESTO ES UN ESTADO NORMAL, PERO ESTOY ARREPENTIDO DE HABERTE SOÑADO."
Cámara lenta,"Y te encontré y te encontré, suspirando en un bar de bogota, y me acerque, sigiloso en cámara lenta y sin respiración, te mire y tu me miraste, bienvenido sea el amor, Sigiloso y sensual me iluminas con tus ojos de ultramar, silencioso y nebular , rayaste el firmamento y te vas. Y te encontré, te encontré suspirando, en un bar de bogota, te mire y tu me miraste bienvenido, sea el amor sigiloso y fugaz me hipnotizas con tus ojos de cristal silencioso y lunar, rayaste el firmamento y te vas. Sigiloso y fugaz me hipnotizas con tus ojos de obsidiana, silencioso y lunar rayaste el firmamento y te vas."
El sabor de la noche,"ESTA ES LA VIDA DE UN ESTUDIANTE QUE SE IBA DE BAR EN BAR PARA LUEGO DESPERTAR EN LA CASA DE ALGUN AMIGO SIN UN DURO EN EL BOLSILLO CON GANAS DE VOMITAR DESPIERTA QUE HA AMANECIDO Y TE TIENES QUE LARGAR SI NO QUIERES LLEGAR TARDE A LA UNIVERSIDAD YA SE QUE CON TU RESACA ES IMPOSIBLE ESTUDIAR, PERO TU TE LO HAS BUSCADO Y AL VOLVER LA MIRADA HACIA ATRAS RECORDARAS EL SABOR DE LA NOCHE ESPERANDO OTRA OPORTUNIDAD PARA SALIR, PARA VOLAR FIN DE SEMANA Y EN TU BAR SEGUIRAS SIRVIENDO COPAS AUNQUE NADA IMPEDIRA QUE VUELVAS A BEBER DE NUEVO ESCUCHANDO A LOS SECRETOS HASTA LA HORA DE CERRAR YA TODO ESTO A PASADO YA NADA SIGUE IGUAL AHORA LLEVAS OTRA VIDA TE DEDICAS A ESTUDIAR ESPERAS CON ANSIA EL JUEVES PARA PODER DISFRUTAR DE UN FIN DE SEMANA LOCO"
Solo,"SOLO, SOLO CUANDO ESTÁS MAS TRISTE, SOLO CUANDO YA NO EXISTES, SOLO CUANDO ALREDEDOR YA NO ESTÁS, YA TE FUISTE. TE PEGASTE, TE PEGASTE CUAL CALCOMANÍA, TE OLVIDASTE DE DISIMULAR, AHORA YA TE PERDISTE. Y PIENSAS QUE TODO ESTÁ PERDIDO, QUE EL MUNDO SE VA A ACABAR, QUE YA NO IMPORTA NADA Y QUE TE VAS A MORIR, TE VAS A MORIR. OH OH OH SOLO, SOLO CUANDO ESTÁS MAS TRISTE, SOLO CUANDO YA NO EXISTES, SOLO CUANDO ALREDEDOR YA NO ESTÁS, YA TE FUISTE. SOLO, SOLO CON TU SOMBRA SOLO. SOLO CUANDO TE ME ESCURRES POR LOS OJOS SUAVEMENTE. Y PIENSAS QUE TODO ESTÁ PERDIDO, QUE EL MUNDO SE VA A ACABAR, QUE YA NO IMPORTA NADA Y QUE TE VAS A MORIR, Y TE VAS A MORIR Y TE VAS A MORIR Y TE VAS A MORIR Y TE VAS A MORIR DE CUALQUIER FORMA. Y PIENSAS QUE TODO ESTÁ PERDIDO, QUE EL MUNDO SE VA A ACABAR, QUE YA NO IMPORTA NADA Y QUE TE VAS A MORIR, Y TE VAS A MORIR DE CUALQUIER FORMA."
Conspirador,Estuve un rato entretenido Estimulando la verdad Pero despues de dos escalas La mentira reacciono La hora más oscura de la noche Es antes de que salga el sol Manejas la tele-distancia Como mago predador Hey Man soy el conspirador Y soy el karnal del angel vengador Removedor Separador Algo peor que Imagination Hey girl you looking for a man I don´t know where you find won
Remote control,"Montar el sol, rodar el tiempo Siempre en el amanecer Tu labio se convierte en humo Que se queda con mis venas Quisiste usarme a la distancia Quisiste usarme con remote control No me deslumbran mas tus luces Un átomo me sorprendió haciendo el amor Miente bien, no me puedes lastimar Se que aún me amas de lejos Suéltame y déjame volar A través del universo Remote control Remote control Miente bien, no me puedes lastimar Sé que aún me amas de lejos Miente bien, no me puedes lastimar Se que aún me amas de lejos Suéltame y déjame volar A través del humo denso Tomado de AlbumCancionYLetra.com Miente bien, no me puedes lastimar Sé que aún me amas de lejos Suéltame y dejame volar A través del universo"
Abre los ojos,"NO DUDASTE NI UN SOLO MOMENTO ERA UN SUEÑO HECHO REALIDAD EN TU COCHE CON EL PELO AL VIENTO RUMBO AL ESTE SIN MIRAR ATRAS LOS PROBLEMAS SE HACEN MUY PEQUEÑOS CUANDO TIENES GANAS DE VIVIR DEL ASFALTO GRIS ERES EL DUEÑO ERES LIBRE LO PUEDES SENTIR SIGUE TU CAMINO PLANTALE CARA AL DESTINO DESDE TU VIEJO MUNSTANG POR FIN PUEDES RESPIRAR SOLO EN LA CARRETERA UN ROCK'N ROLL LLENA TU OIDO Y DE NUEVO VUELVES A SOÑAR ABRE LOS OJOS DISFRUTA DE LA NOCHE Y EL DIA ALARGA LO QUE PUEDAS TU VIDA DISFRUTA DE LA NOCHE Y EL DIA OLVIDARAS TODO AQUELLO QUE TE HIZO MARCHAR TRES CONSEJOS TE HABIA DAO TU PADRE UN MINUTO ANTES DE PARTIR NO TE FIES, NO SEAS UN COBARDE Y VUELVE PRONTO POR AQUI EL SOL LANZA SUS ULTIMOS RAYOS Y LA LUNA YA SE VE SALIR UNAS LARGAS PIERNAS HAS NOTADO SUBE AL COCHE, VAMONOS DE AQUI PASARAN LOS DIAS CREERAS QUE HAS CAMBIADO CUANDO LLEGA LA NOCHE TU COCO EMPIEZA A RULAR NO HAS CONSEGUIDO NADA HUYENDO SOLO ALEJARTE Y DE NUEVO DE VUELTA AL HOGAR"
Razor blade,"A ELLA LE DICEN RAZORBLADE, PORQUE TE CORTA AL RESPIRAR, MANEJA TODO TIPO DE ARMA, ES UN ESPIA INTERNACIONAL. NO SE, PODRIA SUCEDER, QUE ESTEMOS JUNTOS OTRA VEZ, TOMANDO WHISKY EN UN HOTEL, PLANCHANDO PLÁSTICA. FUIMOS LA MENTE DE OPERACION INFRAMUNDO, EN TELE-TLAN. TUMBAMOS MILES DE TRANSMISORAS DE RAYOS ""P"", SATELITES. ELLA ES RAZORBLADE, SHE IS A RAZORBLADE"
Neandertal,"Un neandertal, en su traje gris, trata de inflarse y llenarse de poder, a costa tuya, y sin preguntar, hace lo que dice y manda al emperador. Ya no hay tiempo para mas petextos, ya no hay tiempo para pretencion, deja todo lo que estas haciendo, mira a tu alrededor. No hay estrellas en la oscuridad, solo pulpos, zombies de metal, neandertales, no hay evolucion, no hay efectos en la salvacion. Ya no hay tiempo tiempo para mas mentiras, ya no hay tiempo para el ministerio, deja todo lo que estas haciendo, mira a tu alrededor. No hay estrellas en la oscuridad, solo pulpos, zombies de metal, neandertales, no hay evolucion, no hay efectos en la salvacion. Del aire, del fuego, la tierra, tus manos. Neandertales, no hay evolucion, no hay efectos en la salvacion. Del aire, del fuego, la tierra, del agua, tus manos, del alma, de la gente."
Un sábado más,"ESTA NOCHE HE CRUZADO EL PUENTE MI RELOJ SE HA PARADO COMIENZA UN SABADO MAS VOY DE COPAS, ME ARRASTRA LA CORRIENTE CON MI PROPIA GENTE EN LA CALLE SAN JUAN TIRO EL DADO, ME ACOMPAÑA LA SUERTE DESPUES DE UNAS HORAS, SALIMOS DEL BAR SEGUIMOS LA RUTA POR LOS BARES DE SIEMPRE BUSCANDO EL AMBIENTE QUE NOS HACE VIBRAR ESTA ES MI GENTE, ESTA ES MI CIUDAD ESTA ES MI VIDA Y LA TUYA QUIZAS ESTA ES MI GENTE, ESTA MI CIUDAD- PERO SE QUE ALGUN DIA, HE DE CAMBIAR YA ES MUY TARDE, ES LA HORA DE CIERRE APURO UNA BIRRA RUMBO A OTRO LUGAR ME HAN RUGIDO AL CRUZAR EL PUENTE NOS VEREMOS PRONTO, HASTA LUEGO CHAVAL ESTOY AGOTADO PERO NO SOY CONSCIENTE A LA CALLE DEL VICIO MIS PIERNAS ME HAN DE LLEVAR LA ULTIMA RONDA Y EL ULTIMO BAILE QUE YA HA AMANECIDO, A CASA A SOBAR"
Popular,"Y cuando sientas que no puedes más, Que no encuentras la salida, No la busques en el mismo bar, o en la pagina Amarilla. Cuando el dolor es fuerte no te deja pensar, siempre habra? una cancio?n que te pueda salvar. En mi Pueblo nadie me entendio?, fui un enigma indescifrable, Qué dan?o causa la estrechez, de la gente intolerable. Cuando la mente no comprende algo se asusta, Siempre habra? una cancio?n que te pueda salvar. Sé que nunca fui el más popular en el colegio, Pense? que me querri?as aunque no fuera de abolengo, Nena! Que me amari?as sin pensar en lo dema?s. Pero me guardaste en una nevera tibia de amistad.. Sé que nunca fui el más popular en el colegio, Pense? me querri?as aunque no fuera de abolengo como tú. Que me amari?as sin pensar en lo dema?s, Pero me guardaste en una nevera tibia de amistad."
SKR,"CON TUS SONRISAS DE COLOR, PINTABA MELODÍAS EN EL AIRE UNA FRAGANCIA DE DOLOR ME HIZO TOCAR ESO QUE ERA INMUTABLE... UUUUUH BORRÉ MI HISTORIA PERSONAL, CON UN VENTILADOR DIMENSIONAL Y REINICIÉ MI CORAZÓN, PA VER SI PODÍA VOLVERME A QUERER... SIEMPRE FUISTE TÚ, LA LUZ DE MI SER, ESTRELLA DEL ALBA, OH MI SOL NO ME VOY A RENDIR, TENGO QUE LUCHAR POR LA ESPERANZA DEL AMOR. CON LAS MEMBRANAS DE TU OLOR, ME CONSTRUÍ CASTILLOS DE VENGANZA ESCARBÉ EN LA ALMOHADA CON FUROR BUSCANDO RESTOS DE UNA BELLA INFANCIA... UUUUUH UN MÁGICO FULGOR SE REPOSA EN MI MULADAR DEL TIMPANO MISANTROPA ESTRAMBÓTICA RETÓRICA DE FRÁGIL JUVENTUD. SIEMPRE FUISTE TÚ, LA LUZ DE MI SER, ESTRELLA DEL ALBA, OH MI SOL Y NO ME VO A RENDIR, TENGO QUE LUCHAR POR LA ESPERANZA DEL AMOR. AMOR HORROR, HUMANO ERROR HABER CREÍDO EN LA TENTACIÓN AMOR HORROR, PROFUNDO ERROR HABER CAÍDO PRESA DEL TEMOR. ME HACES FALTA TÚ, HERMOSA MUJER, ESTRELLA DEL ALBA OH MI SOL ME SIENTO MORIR, TAN LEJOS DE MÍ, NADA ES PARA SIEMPRE. QUÉ SOLEDAD, MALDITA ANSIEDAD, NO ES VANIDAD DE ESPIRITU SERÁ LA OSCURA NOCHE DEL ALMA, SERÁ LA RUTA QUE ME LLEVA A TI TRANQUILIDAD, VULNERABILIDAD, TODO LO QUE FUI SE QUEDA AQUÍ DESTELLOS DE LUZ, TRISTEZA INFERNAL, CANCIONES DE AMOR, DE COMPASIÓN SIEMPRE TRATÉ DE DARTE LO MEJOR, PERO SOY UN PERFECTO IDIOTA."
Azul,"Tú, qué manera de aferrarte, tú Tú, que me orbitas como el sol Tú, pegada a la pared Tú, que habitas en mi mente, tú Tú, en cada esquina, tú Tú, debajo del mantel Estoy cayéndome a pedazos por tu ausencia Y lo peor es que no quiero verte nunca Estoy hundiéndome en el hábito de amarte Y tú ya me olvidaste Tu mirada en el retrovisor Tú, con el vestido azul Tú, llorando en el andén Estoy cayéndome a pedazos por tu ausencia Y lo peor es que no quiero verte nunca Estoy hundiéndome en el habito de amarte Y tú ya tienes a otro Tienes a otro Ya tienes otro Ya me olvidaste Ah, ya me olvidaste Oh, ya me olvidaste Estoy cayéndome a pedazos por tu ausencia Y lo peor es que no quiero verte nunca Estoy hundiéndome en el habito de amarte Y tú ya me olvidaste Ya me olvidaste Ya tienes otro"
Hielo,No me veras más Tengo mucho por delante Déjame respirar No olvidaras fácil Rápido y sin dolor Ponle hielo a tu corazón No me verás más Rápido y sin dolor Este ya es el final Y sé que solo estabas conmigo Por puro interés Que eres ambiciosa Y todo te parece poco Mejor déjame ir que vuelvo a comenzar No me veras más Tengo mucho por delante Déjame respirar No olvidaras fácil Rápido y sin dolor Ponle hielo a tu corazón Y sé que solo estabas conmigo Por puro interés Que eres ambiciosa Y todo te parece poco Mejor déjame ir que vuelvo a comenzar Y aunque bien sabes del dolor Que me causaste No te guardo rencor Te tengo lástima Y sé que solo estabas conmigo Por puro interés Que eres ambiciosa Y todo te parece poco Mejor déjame ir y vuelvo a comenza
