Nombre,Texto
Tú no vive así,"Me acostumbré al sour, ya no patea Me llegan a casa, no se capean Solo modelos como Barea Multiplicar cienes es en la tarea Yo soy el cacique en tu propia aldea Valgo más que todo lo que te rodea No te la crea, recuerda que Curry la mete Hasta que Lebron lo galdea Baja pa' la cuesta Que ando con la orquesta, cabrón, no es la sexta Yo nunca estoy abajo en las apuestas y menos en esta Dile a Vico que, de la recta final, estamos en el final de la recta El diablo me inyecta y saco la que suena y los acuesta Otro que se cae por la fuerza de gravedad Otro más por si sobrevive de casualidad Refuta mi tesis, cabrón, te vamos a dar catequesis No he metido un gol y tengo cristianos orándole a Messi Tú ronca' cabrón y tú no vive' así (tú no vive' así) Tu jefa se pasa pendiente de mí (pendiente de mí) Me llama pa' darle y le digo que si Yo soy un hijueputa desde que nací Tú ronca' cabrón y tú no vive' así (tú no vive' así) Tu jeva me llama y le digo que sí (le digo que sí) Yo no voy a cambiar, yo siempre he sido así (sigo a­quí, sigo, sigo a­quí) Yo soy un hijueputa desde que nací Volví, pero pa' meterle al beat Pero cómo que volví, yo no entiendo, si yo nunca me fui Más duro que el bicho mío, jode conmigo y sales partido Tengo un par de hijos, un par de sobrinos El que no me dice papi, me dice tío Respeten los rangos, la posición Cambié la fama por admiración Nunca me quedo sin munición Quieren frontear, pero no tienen condición Sigo mi vida, vivo cabrón Siempre activo en mi maquinón Salí solito del callejón Y le compré una mansión a mami de un millón Tengo la grasa Tengo el piquete que mueve las masas Soy fiel a mi disquera Por eso to' el mundo pregunta qué pasa Arcángel suena Hey, por más que lo bloqueemos Arcángel llena todos los conciertos Y nosotros no lo tenemos Tú ronca' cabrón y tú no vive' así (tú no vive' así) Tu jeva me llama y le digo que sí (le digo que sí) Yo no voy a cambiar, yo siempre he sido así (nunca) Yo soy un hijueputa desde que nací Tú ronca' cabrón y tú no vive' así (tú no vive' así) Tu jeva se pasa pendiente de mí (pendiente de mí) Me llama pa' darle y le digo que si (le digo que nací) Yo (soy un hijueputa desde que nací) Hoy salimos de noche con todos los muchachos Puestos pa' la hisetería Estos cabrones me roncan de palo Y nosotros, dueños de la ferretería Andamos con to' los rosarios sin saber el Ave María Me roncan, me roncan, me roncan, me roncan Y están como Meek Mill, sin batería No fallamos un gancho Hoy si me toma el engancho Nos metemos a tu rancho Y en la cara te hacemos un hueco ancho ¿Qué si soy maleante? Cabrón, yo no sé Lo que sé Es que los nervios no existen después de 2 percocet Hoy no hay escusa, y si se saca, se usa Si mi 40 fuera Versache, en la cara te hacemos una medusa La noche es confusa y si conmigo te cruzas Cabrón, te vamo' a dejar brincando como en el Lollapalooza Marihuana, la hooka y pastilla La cubana que te dejo grilla'o Hoy te ponemos en capilla Aunque ande con la familia comiendo empadilla Todavía no ha nacido alguien que lo haga cómo yo Si no te pillo en PR, te pillo en los 2000 New York Austin, baby (oh shit) Bad Bunny, El Conejo Malo Y yo soy El Duende Malvado (Hear This Music) O sea que nos quedó cabrón Díselo Luian, Mambo Kingz"
A tu merced,"Yeh, yeh, yeh, yeh Yeh, yeh, ey Tengo un par de babie' explotándome el cel Y yo pensando en ti, estoy a tu merced Tú siempre está' mojada y yo que tengo sed, eh Dime qué vamo' a hacer Que tengo un par de babie' explotándome el cel Y yo pensando en ti, estoy a tu merced Tú siempre está' mojada y yo que tengo sed Ey, ey, ey Y ella' están buena', pero tú 'tás mejor (mejor) Traje pasto y alcohol Por ti les picheo, las tengo en hold (en hold) Y yo detrás de ti, como un chambol Y si quiere', te busco en la Lamborghi Si te lo hago tan chulo, como Anuel a Karol G Quiere' perreo, no balada Tú ere' una pitcher, pero yo estoy puesto pa' la nueva entrada menúbuscar A Tu Merced Bad Bunny Yeh, yeh, yeh, yeh Yeh, yeh, ey Tengo un par de babie' explotándome el cel Y yo pensando en ti, estoy a tu merced Tú siempre está' mojada y yo que tengo sed, eh Dime qué vamo' a hacer Que tengo un par de babie' explotándome el cel Y yo pensando en ti, estoy a tu merced Tú siempre está' mojada y yo que tengo sed Ey, ey, ey Y ella' están buena', pero tú 'tás mejor (mejor) Traje pasto y alcohol Por ti les picheo, las tengo en hold (en hold) Y yo detrás de ti, como un chambol Y si quiere', te busco en la Lamborghi Si te lo hago tan chulo, como Anuel a Karol G Quiere' perreo, no balada Tú ere' una pitcher, pero yo estoy puesto pa' la nueva entrada ¿Y qué? ¿Qué? ¿Qué quiere' hacer? Yo hago lo que tú diga' Ese culo e' grande' liga' Que Dio' te lo bendiga Y dime, ¿qué? ¿Qué? Qué quiere' hacer, yo hago lo que tú diga' Picheale a tu amiga Ey, ey Porque tengo un par de babie' explotándome el cel Y yo pensando en ti, estoy a tu merced Tú siempre está' mojada y yo que tengo sed, ey Dime qué vamo' a hacer Es que tengo un par de babie' explotándome el cel Y yo pensando en ti, estoy a tu merced Tú siempre está' mojada y yo que tengo sed Ey, ey, ey Yo sé que no ere' fan del romanticismo Y que está' cansada de que esto' cabrone' te digan lo mismo Moviendo el booty, no se va de ritmo Punto diez, en la cama va a haber un sismo Quiero jalarte ese pelito rubio Y darte en cuatro el cuatro de julio Mañana tengo examen, pero tú lo sabe' Que si me llama', no estudio Mami, concédeme esta pieza No somo' na', no somo' na', ey Pero con un perreo se empieza No sale' de mi cabeza Mami, concédeme esta pieza No somo' na', no somo' na', ey Pero con un perreo se empieza No sale' de mi cabeza, ey Y to' los culo' de Miami explotándome el cel Y yo pensando en ti, estoy a tu merced Tú siempre está' mojada y yo que tengo sed, eh Dime qué vamo' a hacer Es que tengo un par de babie' explotándome el cel Y yo pensando en ti, estoy a tu merced Tú siempre está' mojada y yo que tengo sed, eh Dime qué vamo' a hacer Eeh, eeh, eeh Yeh, yeh, eh"
Me porto bonito,"Yeah-yeah-yeah-yeah-yeah-yeah Ey En la guagua, se quedó el olor de tu perfume Tú ere' una bellaca, yo soy un bellaco Eso es lo que no' une Ella sabe que está buenota Y no la presumen Si yo fuera tu gato Subiera una foto los vierne' y los lune' (So) Pa' que to' el mundo vea Lo rica que tú está', que tú está' Contigo, tengo que apretar Y en la calle, ando suelto Pero, por ti, me quito Si tú me lo pides Yo me porto bonito Y subo un selfie pa' que vean Lo rica que tú está', que tú está' Las otras tienen que apretar En la calle ando suelto Pero, por ti, me quito Si tú me lo pide' Yo me porto bonito Ey, ey Tú no ere' bebecita Tú ere' bebesota Frikitona, ma', se te nota Le gustan los trío' cuando está en la nota Si el novio no sirve, de una lo bota Y, wow Mami, dime dónde dejo el resume Sé que te dejaste hace un me' Y de una de pecho, me zumbé Si quiere', te hago un bebé O te traigo la' plan B Uff, mami, qué rica tú te ve' Pa' los 2000, escuchaba RBD Y ahora quiere perreo to'a la noche en la pared Te obsesiono, CBD Mami, tú ere' élite, no te me límite' (okey) Déjame hacerte lo que amerite y te levite Dale pa'l escondite, no te me arisque' (So) Que aquí no van a poder llegar lo' satélite' Mami, sube algo Dame contenido Ese culo, súbelo má' seguido Me paso jangueando a ver si coincido, ey Y por fin doy contigo Mai, nuestra' bellaquera', nunca la' olvido Ninguna como tú a mí me ha complacido Tú cree' que a toda' siempre les digo lo mismo Quiere chingar, pero no quiere na' fijo, ey Pero, en confianza, me confiesa Dice que nadie le interesa Pero cuando sale, se pone traviesa Pa' que to' el mundo vea Lo rica que tú está', que tú está', ey Contigo, tengo que apretar Y en la calle ando suelto Pero, por ti, me quito Si tú me lo pide' Yo me porto bonito"
Ojitos lindos,"Hace mucho tiempo le hago caso al corazón Y pasan los día', los mese', pensando en tu olor (en tu olor) Ha llegado el tiempo para usar la razón Ante' que sea tarde y, sin querer, me parta en do' (parta en do') Antes de que salga el Sol, hunde el acelerador Aunque vaya sin freno' y pierda el control Nada más seremos do', tú y yo acariciándono' En medio del tiempo, sin decir adió' Y solo mírame Con esos ojito' lindo' Que, con eso, yo estoy bien Hoy he vuelto a nacer Hace tiempo Que no agarro a nadie de la mano Hace tiempo Que no envío: Buenos días, te amo Pero tú me tiene' enreda'o, me envolví Iba por mi camino y me perdí Mi mirada cambió cuando tus ojos vi Bye-bye a los culo', ni me despedí Yo no te busqué, no Chocamo' en el trayecto Con tu alma es la que yo conecto Tranquila, no tiene que ser perfecto, no Aquí no existe el pecado Y equivocarse es bonito Los errores son placere' Igual que to' tus besito' Y solo mírame Con esos ojito' lindo' Que, con eso, yo estoy bien Hoy he vuelto a nacer Y solo mírame Con esos ojito' lindo' Que, con eso, yo estoy bien Hoy he vuelto a nacer Tú y yo, tú y yo, tú y yo (tú y yo, tú y yo) Tú y yo, tú y yo (tú y yo, tú y yo), tú y yo Tú y yo, tú y yo Tú y yo, tú y yo Yo no me dejo llevar de nadie Yo solo me dejo llevar de tu sonrisa Y del lunar cerquita de tu boca Si yo estoy loco, tú estás loquita Pero, baby, como tú no hay otra, no Quiero regalarte girasole' Ir pa' la playa y buscarte caracole' Cuando estoy contigo, yo no miro el Rolex Vamo' a bailar doscientas cancione' Nadie me pone como tú me pone' Yo le hablo a Dio' y tú ere' Su respuesta Aprendí que los momento' lindo' nunca cuestan Como cuando me regalas tu mirada Y el Sol su puesta, y el Sol su puesta (ey, ey) Cuando estoy encima de ti, de ti Mami, yo me olvido de todo, de todo No hace falta nadie aquí Solamente tú y yo Antes de que salga el Sol, hunde el acelerador Aunque vaya sin freno' y pierda el control Nada más seremos do', tú y yo acariciándono' En medio del tiempo, sin decir adió' Y solo mírame Con esos ojito' lindo' Que, con eso, yo estoy bien Hoy he vuelto a nacer Y solo mírame Con esos ojito' lindo' Que, con eso, yo estoy bien Hoy he vuelto a nacer"
Otro atardecer ,"Aún quedan dos botellas de vino De vino Por si se juntan nuestro' camino' Camino' Y no hay que encontrar el atardecer Hay mucho de mí que te faltó conocer Si la vida me da de nuevo el placer Voy a volverte a besar como aquella ve' Que el Sol se escondió Mientras la noche llegaba No sé qué sucedió Pero me perdí en tu mirada Eh, eh, eh, eh Oh, oh, mami, dime por qué te fuistе Ey, ey, oh, oh, mami, dime qué tú me hicistе Que pasa el tiempo y no te olvido Búscame, ya estoy vestido Hoy, sí o sí, yo me quedo en un cuarto que no es mío Déjame acariciarte hasta quedarno' dormido' Yo haciéndote pose' nueva' y tú improvisando gemido' Eh, eh, eh, eh Tú a mí me gusta' más que el dinero Eh, eh, eh Quiero que te venga' tú primero A vece' me pregunto qué será de tu vida Ojalá un día de esto' me escriba' Hey, you know I'm thinking 'bout you Please stay, 'cause I've been thinking 'bout you Vamo' suavecito, me besa' tan bien Empieza en mi ombligo, termina a mis pies Baby, no te olvido Yo te digo, no te fallaré No sé qué te hizo Pero yo nunca te dejaré Y no hay que encontrar el atardecer Hay mucho de mí que te faltó conocer Si la vida me da de nuevo el placer Voy a volverte a besar como aquella ve' Que el Sol se escondió Mientras la noche llegaba No sé qué sucedió Pero me perdí en tu mirada"
Un verano sin tí,"No sé qué pasó Otro amor que, de repente, fracasó En mi cuarto, está lloviendo, y afuera está el Sol Ey, ey, dime qué pasó Si fui quien falló Sorry por ser yo, ey Y no ser el hombre que te merecías Yo quizá madure, pero en otra vida Nadie estaba listo pa' una despedida Pa' una despedida Y ahora, toca un verano sin ti La estoy pasando bien, no te voy a mentir Pero, a veces, tu nombre no me deja dormir Pensando dе todo' lo' plane' que hicimo' Pero así fuе el destino (ey) Tú sabe' cómo soy, bebé, yo casi no jangueo Y ahora salgo to' los día, pa' ver si te veo Aunque sea de lejito', con la hookah y el perreo Mañana voy a terapia, hoy voy pa'l teteo Otro mensaje que escribo y no envío Pero, por si acaso, lo guardo en mis nota' Alejandro Sanz con el corazón partío' Y yo con el alma rota Tanto' consejo' de amor que ya he dado Pero parece que en mí no funcionan Tal vez alguien ya te ha enamorado Me duele no ser esa persona Ya no son mis chistes los que te dan gracia Ya no soy la razón de tu sonrisa Ya no hay más reguero' dentro de la casa Ni atardeceres en Ibiza A dónde habrá ido aquella mirada Que, sin palabra', todo me decía Te juro que yo no me imaginaba Lo que se sentía ni cómo sería Un verano sin ti"
Tití me preguntó,"Ey Tití me preguntó si tengo muchas novia' Muchas novia' Hoy tengo a una, mañana otra Ey, pero no hay boda Tití me preguntó si tengo muchas novia', je Muchas novia' Hoy tengo una, mañana otra Me la' voy a llevar a to'a pa' un VIP Un VIP, ey Saluden a tití Vamo' a tirarno' un selfie, say cheese, ey Que sonrían las que ya les metí En un VIP, un VIP, ey Saluden a tití Vamo' a tirarno' un selfie, say cheese Que sonrían las que ya se olvidaron de mí Me gustan mucho las Gabriela Las Patricia, las Nicole, las Sofía Mi primera novia en kinder, María Y mi primer amor se llamaba Thalía Tengo una colombiana que mе escribe to' los día' Y una mexicana que ni yo sabía Otra en San Antonio que me quiere todavía Y las de PR que todita' son mía' Una dominicana que es uva bombón Uva, uva bombón La de Barcelona que vino en avión Y dice que mi bicho está cabrón Yo dejo que jueguen con mi corazón Quisiera mudarme con todas pa' una mansión El día que me case, te envío la invitación Muchacho, deja eso, ey Tití me preguntó si tengo muchas novia' Muchas novia' Hoy tengo una, mañana otra Ey, pero no hay boda Tití me preguntó si tengo muchas novia' Ey, ey, muchas novia' Hoy tengo una, mañana otra Tití me preguntó-tó-tó-tó-tó-tó-tó-tó Tití me preguntó-tó-tó-tó-tó-tó-tó-tó (qué pámpara) Tití me preguntó-tó-tó-tó-tó-tó-tó-tó Tití me preguntó-tó-tó-tó-tó (Pero ven acá, muchacho) (¿Y para qué tú quiere' tanta' novia'?) Me la' voy a llevar a to'a pa' un VIP Un VIP, ey Saluden a Tití Vamo' a tirarno' un selfie, say cheese, ey Que sonrían las que ya les metí En un VIP, un VIP, ey Saluden a Tití Vamo' a tirarno' un selfie, say cheese Que sonrían las que ya se olvidaron de mí (Oye, muchacho 'el diablo azaroso) (Suelta ese mal vivir que tú tiene' en la calle) (Búscate una mujer seria pa' ti) (Muchacho 'el diablo) (Coño) Yo quisiera enamorarme Pero no puedo Pero no puedo, eh, eh Yo quisiera enamorarme Pero no puedo Pero no puedo Sorry, yo no confío, yo no confío Nah, ni en mí mismo confío Si quieres quedarte hoy que hace frío Y mañana te va', nah Muchas quieren mi baby gravy Quieren tener mi primogénito, ey Y llevarse el crédito Ya me aburrí, hoy quiero un totito inédito, je Uno nuevo, uno nuevo, uno nuevo, uno nuevo Hazle caso a tu amiga Ella tiene razón Yo voy a romperte el corazón Voy a romperte el corazón Ey, no te enamores de mí No te enamores de mí, ey Sorry, yo soy así, ey No sé por qué soy así Hazle caso a tu amiga Ella tiene razón Yo voy a romperte el corazón Voy a romperte el corazón No te enamores de mí (no) No te enamores de mí (no), no Sorry, yo soy así Ya no quiero ser así, no"
Callaita,"Se acostó temprano, mañana hay que estudiar (eh) Pero llamó a la amiga, diciendo pa' janguear (eh) Tiene un culito ahí que le acabó de textear (eh) Pero en bajita, ella no es de frontear Ella es callaíta' Pero pa'l sexo es atrevida, yo sé Marihuana y bebida Gozándose la vida como es Ella es callaíta' Pero pa'l sexo es atrevida, yo sé Marihuana y bebida Gozándose la vida como es Ella no era así, ella no era así No sé quién la dañó Ella no era así, ella no era así No sé quién la dañó, pero Ahora, enrola y lo prende Es panita del que vende, ey Nena mala de repente No sé si me miente Pero sé que tiene más de veinte Los shots de tequila ni los siente Ahora, ve la vida diferente Bueno, pero le gustan delincuentes La baby llega y se siente la presión Ella ni trata y llama la atención Ey, el perreo es su profesión Siempre puesta pa' la misión La baby llega y se siente la presión Ella ni trata y llama la atención Ey, el perreo es su profesión Siempre puesta pa' la misión (E-E-E-E-E) Ella es callaíta' Pero pa'l sexo es atrevida, yo sé Marihuana y bebida Gozándose la vida como es Ella es callaíta' Pero pa'l sexo es atrevida, yo sé Marihuana y bebida Gozándose la vida como es Se dejó hace poco y tiene vida nueva Anda con una amiga que es como su jeva Que le trajo 5-12 pa' que se las beba Ella es callaíta', no es que no se atreva Si hay sol, hay playa Si hay playa, hay alcohol Si hay alcohol, hay sexo Si es contigo, mejor Si hay sol, hay playa Si hay playa, hay alcohol Si hay alcohol, hay sexo Si es contigo, mejor Quítate la ropa, que hace calor Días de playa, noches de terror En la gaveta, dejó el temor Pa' las envidiosas, paz y amor Yeh Yeh, yeh-yeh-yeh-eh Tainy, Tainy, ey Bad Bunny, baby, bebé Ella es callaíta' Pero pa'l sexo es atrevida, yo sé Marihuana y bebida Gozándose la vida como es Ella es callaíta' Pero pa'l sexo es atrevida, yo sé Marihuana y bebida Gozándose la vida como es Ella no era así, ella no era así No sé quién la dañó Ella no era así, ella no era así No sé quién la dañó, pero (Alócate y hazte mía) (Que la noche lo pidió, el destino lo decidió) (Ya sé que sentías lo mismo que yo y todavía) (Nos queda un ratito, para formar el escándalo) (A menos que no te decidas)"
Moscow mule,"Si yo no te escribo Tú no me escribe', ey Si tú quieres, te busco Yo sé dónde tú vive' Quizá hoy está aborrecía' Pero, por dentro, tú tiene' alegría Si quieres, te la saco Dos trago' y sabes que me pongo bellaco No somo' na', pero estamo' envuelto' hace rato, oh-oh WhatsApp sin el retrato No guarda mi contacto (ey, ey, ey, ey) Pero se la saco Dos trago' y sabes que me pongo bellaco No somo' na', pero estamo' envuelto' hace rato, oh-oh WhatsApp sin el retrato No guarda mi contacto-to Todo es underwater (ey) Baby, vamo' pa'l cuarto quarter En la Uru', comiéndono' al pare' Te voy a dar duro pa' que no me compare' Ey, cuida'o con ese mahón, que se va a romper (ey) Ese booty lo va a romper (ey) Yo no sé si yo te vuelvo a ver Si mañana me voy a perder Tú ere' una player, me hiciste un crossover Esta ve' metiste, me diste game over, eh-eh (huh) Porque no puedo olvidar El perreo, aquel, que se fue viral Dime si mañana te va' a quedar Después de la alarma, te lo voy a dar Ey, hoy tú no va' a trabajar Jeje, no Si quieres, te la saco Dos trago' y sabes que me pongo bellaco No somo' na', pero estamo' envuelto' hace rato, oh-oh WhatsApp sin el retrato No guarda mi contacto Pero se la saco Dos trago' y sabes que me pongo bellaco No somo' na', pero estamo' envuelto' hace rato, oh-oh WhatsApp sin el retrato No guarda mi contacto Me gustan así, piquetu'a Mami, qué rica te ve' desnu'a Quizás no sentiste lo que yo sentí Pero aún te debo una noche en la suite Pa' darte tabla Dale, mami, habla Tú ere' una diablona No te haga' Pa' darte tabla Dale, mami, habla Tú ere' una diablona No te haga' No, no, no, no (no, no, no, no) No, no, no, no (no, no, no, no) No, no, no, no (no, no, no, no) Ey Yo no sé tú Pero yo quisiera amanecer desnu' En una playa por Balí, si no, Cancún Pide otro Moscow Mule Ey Que ando en nota, nota Ven y choca Conmigo que se joda Baby, tú 'tás grandota Pero hoy ando en nota, nota Ven y choca Conmigo que se joda, eh Que se joda, ey Mami, tú quieres perreo (tú quieres perreo) Tú quieres perreo (tú quieres perreo) Tú quieres bellaqueo (tú quieres bellaqueo) Tú quieres bellaqueo (tú quieres bellaqueo) Mami, tú quieres perreo (tú quieres perreo) Tú quieres perreo (tú quieres perreo) Tú quieres bellaqueo (tú quieres bellaqueo) Tú quieres bellaqueo (tú quieres bellaqueo)"
Soy peor,"Salí jodido la última vez que en alguien yo confié Me compré una forty y a cupido se la vacié No me vuelvo a enamorar, no No me vuelvo a enamorar Sigue tu camino que sin ti me va mejor Ahora tengo a otras que me lo hacen mejor Si antes yo era un hijueputa, ahora soy peor Ahora soy peor, ahora soy peor por ti Sigue tu camino que sin ti me va mejor Ahora tengo a otras que me lo hacen mejor Si antes yo era un hijueputa, ahora soy peor Ahora soy peor, ahora soy peor por ti Hoy yo no quiero fumar regular (no, no) Tráiganme un kush que me haga sentir espectacular Para celebrar que ya no estás tú para especular Y joderme por todos los culos que tengo en el celular Hoy se bebe, hoy se sale Ser bueno y fiel ya de nada vale Por mujeres como tú es que dicen Que todos los hombres somos iguales Si no me conoces, no me señales Ya yo me conozco tus males Como Hector El Father, hoy yo salgo Pa' la calle con dos mil anormales Sigue tu camino que sin ti me va mejor Ahora tengo a otras que me lo hacen mejor Si antes yo era un hijueputa, ahora soy peor Ahora soy peor, ahora soy peor, por ti Sigue tu camino que sin ti me va mejor Ahora tengo a otras que me lo hacen mejor Si antes yo era un hijueputa, ahora soy peor Ahora soy peor, ahora soy peor, por ti Por ti Ahora hago todo lo que quiero Solo pienso en mí primero, yeh Tirando billetes adentro del putero Pa'l carajo el amor verdadero Yo solo pienso en hacer dinero Baby, lo nuestro ya descansa en paz Me importa un carajo con quién te vas Dile a tu mai' que ya no me hace falta Que ahora tengo suegras demás Tengo la blanquita que me hace lap dance La roquerita que se lo meto con to' y Vans La prieta, las rubias, modelos Y eso sin contar las fans Yo no estoy para amores de meses No estoy pa' peleas ni estupideces Buscate a otro pa' que te bese Ninguno de esos cabrones a mí se parece Cada cual tiene lo que merece A mami dile que por mi no rece Que yo salgo esta noche virao' pa' la calle Y nadie va a hacer que yo me enderece, yeh Salí jodido la última vez que en alguien yo confié Me compré una forty y a cupido se la vacié No me vuelvo a enamorar, no No me vuelvo a enamorar Sigue tu camino que sin ti me va mejor Ahora tengo a otras que me lo hacen mejor Si antes yo era un hijueputa, ahora soy peor Ahora soy peor, ahora soy peor, por ti Sigue tu camino que sin ti me va mejor Ahora tengo a otras que me lo hacen mejor Si antes yo era un hijueputa, ahora soy peor Ahora soy peor, ahora soy peor, por ti"
Andrea,"(Eh-ah) (Quiero alguien que se atreva) Cuatro de la mañana Y Andrea Saliendo de La Perla Mucho' la critican sin conocerla Calle como un Civic Inteligente como un Tesla Soñando con alguien que pueda comprenderla Y no quiera cambiarla, solo quererla Ey, solo quererla De la IUPI pa' la Inter De la Inter pa' Sagrado Equivocándose de amore' en lo que llega el indicado Quiere quedarse en PR, no irse pa' ningún estado Pero todo se ha complicado Como si ser mujer fuera un pecado La demonia ha despertado Ey Una guerrera, Juana de Arco Temperamental, Niurka Marco' A la buena, beso y abrazo A la mala, botellazo sin soltar el vaso Le gustaba el básquet, leer, estudiar y hacerse lazo' Pero, de esa niña, solo quedan pedazo' Se ha buscado un par de caso' Por no aguantarle chiste' a ningún payaso, ey Mírala cómo camina Lo que le falta es la tarima Cansada de esperar propina y de lo que su familia opina Pa' colmo, ahora el gobierno la llama asesina Una diva campesina Chico Quédate en tu esquina, ey Y no pida rosa' si no aguanta' espina' No quiero que nadie me diga Lo que yo tengo que hacer Se ponen a hablar Y conmigo, verán, no van a joder Que digan lo que sea Yo subo y bajo, como la marea Se tratan de montar y tambalean Quiero alguien que se atreva, que se atreva Y me entienda a mí Una loca que no quiere un loco Quiere vino tinto y sushi de Yoko Días de playita, helado de coco Se merece tanto y recibe tan poco La ma'i reza por un doctor, ingeniero Y ella con bichote' y rapero' Mi prima dice que es un cuero Y lo que nadie sabe es que a su corazón le hace falta un suero (Eh-ah) Chinga cabrón, se comenta Y aunque la ven jangueando toda la semana, no se ve contenta, no Lo malo siempre se sabe Y lo bueno nunca se cuenta Joseando pa' la renta Llorando más de la cuenta No hay mujer sin herida' Ni hombre que no mienta Ey, ella no quiere una flor Solo quiere que no la marchiten Que cuando compre pan, no le piten Que no le pregunten qué hizo ayer Y a un futuro lindo, le inviten Que le den respeto y nunca se lo quiten Que le den respeto y nunca se lo qui- Que-Que le den respeto y nunca se lo quiten No, nunca se lo quiten Porque ella es jefa, patrona Y aunque casi casi, por dentro, se desmorona Se acicala y se ve cabrona Se acicala y se ve cabrona La vida va como Verstappen en Fórmula 1 Y Buddy Baker en Daytona, ey Andrea hace tweet Que se mamen un bicho las persona' No quiero que nadie me diga Lo que yo tengo que hacer Se ponen a hablar Y conmigo, verán, no van a joder Que digan lo que sea Yo subo y bajo, como la marea Se tratan de montar y tambalean Quiero alguien que se atreva, que se atreva Y me entienda a mí A mi nene, yo lo encuentro funny, funny Sigo mi sueño y buscando ese money Que no hay money, que no hay money Que yo sigo buscando ese honey, ese honey ¡A bailar! Que digan lo que sea"
La corriente,"La melodía con la calle Tony Dize Baby, dame la señal Si me sigues mirando así Te voy a besar, te voy a besar (te voy a besar) Si es contigo, no lo tengo que pensar (no, no) Porque tú no eres como otras, no, tú eres diferente Viviendo la vida loca, siempre en contra 'e la corriente Hace' lo que a ti te dé la gana, gana Siempre pichea', meno' si el perreo llama, llama (ey, ey) Quiero que tú me enseñe', que sea' mi teacher Una bitch, una pitcher, ey Lowkey, anda a switche Loca que me la chi— Ey, ey, la baby ya va pa' treinta y se ve violenta, se ve violenta Hace rato está mirando, me di cuenta, ya me di cuenta Ella sabe má' que tú, así que no sea' tonto, chico, no le mienta' No te viva' la película, que ella es la película y de la' que no se renta Sube ese culo y to' comentan Una bad bitch, gyal de lo' 90 Esa carita agridulce es lo que me tienta Una picky, una menta Pa' mamártela y rompértela Bajo pa' tu cancha y wachartela Si tu amiga quiere, ve, invítala Ve, invítala, que se va a hacer Pero yo no quiero a otra, no, tú eres diferente Si tú fuera' una ola, puede que me lleve la corriente Tú hace' lo que a ti te dé la gana, gana Siempre pichea, meno' si el perreo llama, llama (ey) Tú eres de las que sale Tarde en la noche Pero sin dejarse ver (no, no) Se dejó y no va a volver (nah, nah) Ahora está mejor soltera Sale sin hora de llegada Nadie dice nada, hace lo que quiera La calle prendía' en candela (ey, ey) Y antes de enfangarse, prefiere a solas acostarse Parece colombiana, le dicen la parce No necesita un hombre, pa' ti hay que buscarse Ella se la vive bailando, tiene a to'a la disco mirando Porque tú no eres como otras, no, tú eres diferente Viviendo la vida loca, siempre en contra 'e la corriente Tú hace' lo que a ti te dé la gana, gana Siempre pichea', meno' si el perreo llama, llama Yeah-yeah, ey Bad Bunny, baby Be-be-be-be Ey, ey, Tony Dize, Tony Dize La melodía con la calle La melodía con la calle Bad Bunny, baby, bebé-brrum Eh, eh"
Un coco,"Antes que este phillie se apague, yo te voy a olvidar Yo te voy a olvidar Antes que este phillie se apague, yo te voy a olvidar Yo te voy a olvidar, yal Me paso fumando bajo las palmera' A ver si me cae un coco en la cabeza y me borra mi vida entera Veo parejitas dándose beso' y me da dentera Voy a tirarle el radio por mar si sale Sin Bandera porque No puedo escuchar cancione' de romance Me cansé que de pensar en ti no me canse El último pétalo me dijo que aún hay chance No sé si es verdad, pero si va' a volver, avance Por favor Aunque sea un mes ante' que salga el Sol Que en la mañana coja alergia buscando tu olor Tanto' trofeo' y aún me siento perdedor, perdedor Búscame el encendedor, ey Que si no te olvido, me voy a mudar pa' Chile Pa' Argentina o pa' El Salvador Pero denme el lighter, dije, por favor, por favor Y ante' que este phillie se apague, yo te voy a olvidar Ey, yo te voy a olvidar Ante' que este phillie se apague, yo te voy a olvidar Yo te voy a olvidar, yal Ey, ey, ey Me estoy ahogando y a la' ola' le' pedí socorro Escribo tu nombre en la arena, a ver si así lo borro Pero tus labio' y tus ojo', los tengo de gorro No sales de mi cabeza Otro phillie y otra cerveza Ya tu recuerdo me pesa Te difrazaste de Rubí, y eras Teresa Pero soy un pendejo y todavía me interesa' Ey, ey, saber de tu paradero Y preguntarte si fue verdadero O si está' volá' como avión y yo fui pasajero Qué cojones, todavía yo te quiero Eh, eh, eh Los muchacho' dicen que yo estoy charriando Eh, eh, ey Pero, en bajita, seguimos quemando Y ante' que este phillie se apague, yo te voy a olvidar Yo te voy a olvidar Ante' que este phillie se apague, yo te voy a olvidar Yo te voy a olvidar, gyal Y ante' que este phillie se apague, yo te voy a olvidar Ey, yo te voy a olvidar Y ante' que este phillie se apague, yo te voy a olvidar Ey, yo te voy a olvidar, gyal"
Amorfada,"No quiero que más nadie me hable de amor Ya me cansé To' esos trucos ya me los sé Esos dolores los pasé, yeh-yeh-yeh No quiero que más nadie me hable de amor Ya me cansé To' esos trucos ya me los sé Esos dolores los pasé Hoy te odio, no es secreto, ante todo lo confieso Si pudiera, te pidiera que devuelvas to' los besos que te di Las palabras y todo el tiempo que perdí Me arrepiento una y mil vece' de haber confiado en ti Quisiera que te sientas cómo yo me siento Quisiera ser como tú, sin sentimientos Quisiera sacarte de mis pensamientos Quisiera cambiarle el final al cuento Las barras y los tragos han sido testigo De el dolor que me causaste y to' lo que hiciste conmigo Un infeliz en el amor, que aún no te supera Que ahora camina solo, sin nadie, por todas las aceras Preguntándole a Dios si en verdad el amor existe Por qué si yo era tan bueno, toa' esta mierda tú me hiciste Lo más cabrón es que tú ves todo como un chiste Siempre voy a maldecir el día en que naciste Los chocolates que te di, y todas las flores Se convierten hoy en día en pesadillas y dolores Ya yo perdí la fe de que tú mejores Si después de la lluvia sale el arco iris pero sin colores, yeh No quiero que más nadie me hable de amor Ya me cansé To' esos trucos ya me los sé Esos dolores los pasé, yeh-yeh-yeh No quiero que más nadie me hable de amor Ya me cansé To' esos trucos ya me los sé Esos dolores los pasé, yeh-yeh-yeh"
Otra noche en Miami,"Yeh, yeh 10 en punto de la noche y salgo como de costumbre Prendas en diamantes que cieguen cuando me alumbre Me diferencio de la muchedumbre A mi estilo puede que no te acostumbre’ No sé si irme en el Mercedes o en el Maserati Modelos extranjeras que me dicen: Papi Están tirando al cel, ya me quieren ver (ah) Seguramente ya están locas por coger Pero soy yo quien les llevo la champaña Si no es con Moët, la rubia no se baña Me voy de viaje y a las dos hora’ me extraña O mejor dicho, al dinero que me acompaña Soy todo un fasa en la ciudad del Sol No voy a tiendas, pues yo soy dueño del mall Soy Cristiano después de meter un gol Tengo a francesas hablándome en español Y siempre, mucho Gucci, mucho Ferra, Louis Vuitton Yo no uso Retro, pero tengo to’a la colección Pa’l Khalifa Kush tengo la conexión Pa’l avenue Miami Beach, es mi dirección (ah) Todo es superficial Nada real Nada raro que el dinero no pueda comprar Penthouse con vista al mar Es lo único que tengo pa’ poder pasar Otra noche en Miami (yeh) Otra noche en Miami Otra noche en Miami Otra noche en Miami Otra noche sin ti Otra noche sin ti Supuestamente, ya yo te olvidé Pero son las 11:34 y de ti me acordé (yeh) No te veo, desde que me mudé Pero soñé contigo anoche y te saludé Tratando de sellar las cicatrices He estado con modelo’ y con actrices Seguramente yo nunca las quise Seguramente no sé ni por qué lo hice Y en el garage está el Bentley que tanto querías Me monto pa’ fumar imaginando que lo guías Ya me cansan los threesome’ y las orgías Ya me cansa que mi vida siga vacía Y recuerdo que me lo decías Que si no cambiaba, te perdía Cómo quisiera volver a esos días Ahora que soy rico, no tengo lo que tenía Pues mi Rolex no brilla igual que tu sonrisa Y con estas putas no me gusta compartir la frisa Si piensas volver, me avisa’ Mientras, yo sigo solo Otra noche en Miami (yeh) Otra noche en Miami Otra noche en Miami Otra noche en Miami Otra noche sin ti Otra noche sin ti Otra noche sin ti (otra noche sin ti) Otra noche sin ti (otra noche sin ti, yeh)"
Efecto,"Yeah yeah yeah yeah yeah yeah Eh eh eh eh No sé si es casualidad que yo me sienta así Siempre que tú estás cerquita de mí Dime qué me hiciste, qué droga me diste Que, desde aquella noche, no soy igual Tú me mira' y empiezo a sudar Siento que puedo volar Baby, la nota ya está haciendo efecto Mi mundo está jodío' y me siento perfecto Porque estás tú, aquí, moviéndote así, no pare' Baby, tú eres mi droga, esta noche no le baje' Porque la nota ya está haciendo efecto Mi mundo está jodío' y me siento perfecto Porque estás tú, aquí, moviéndote así, no pare' Baby, tú eres mi droga, esta noche no le baje' (Esta no, esta sí) (Esta no, esta sí) (Esta no, esta sí) (Esta no) El gatito tuyo te perdió por negligencia Y yo que no creo en la abstinencia Esta noche, en la cama, va a haber turbulencia' Qué rico tú mama', te vo'a dar la permanencia Ese totito e' la eminencia Pa' darle tengo licencia Desde que fuimo' a Florencia Se puso más bicha, pero no pierde la esencia No, no, de Carola No, no, no, no anda sola No, no, no le diga' hola O va' a ser otro pa' la cola Tu crico te me amola Yo soy fan de esa popola Más las picky, las endo, la coca y la rola Eres tú quien me controla, eh En tus ojo', veo el mar Mami, llévame en tu ola Hoy me siento bien puta, re piola, ey Porque la nota ya está haciendo efecto Mi mundo está jodío' y me siento perfecto Porque estás tú, aquí, moviéndote así, no pare' Baby, tú ere' mi droga, esta noche no le baje"
Una vez,"Lo nuestro no te conviene, eh Pero él ya no te entretiene, eh Sé que te incito a pecar, lo tratas de controlar Pero no se detiene, eh Y déjame sentirte una vez Por si no te vuelvo a ver Luego lo sigo normal con mi vida Y tú la tuya con él Pero déjame sentirte una vez (sentirte una vez) Por si no te vuelvo a ver Luego lo sigo normal con mi vida Pero dale, escápate Y si hay gente, tápate Y allá abajo, acicálate Porque hoy te va' pa' casa y casi ni traté Y si tienes problemas, conmigo pégate Que quiero ponerte a gritar mi nombre, pa' que lo recuerde' Siempre anda conmigo cuando el novio se le pierde Carita de nena buena, nunca pierde Conmigo se siente cabrón, él es solo un resuelve ¿Y qué vas a hacer si me pego Y te jalo por el pelo? Pa' mí que te va a gustar Solo déjate llevar Y déjame sentirte una vez Por si no te vuelvo a ver Luego lo sigo normal con mi vida Y tú la tuya con él Pero déjame sentirte una vez (sentirte una vez) Por si no te vuelvo a ver Luego lo sigo normal con mi vida Y tú la tuya con él Y tú la tuya con él (Tú la tuya con él) Yeh, yeh, yeh, yeh Ey Baby, yo quiero chingarte, te lo confieso Pero me conformo solo con un beso Yo no creo en el amor ni en nada de eso Pero no sé, porque ahora, siempre que rezo Le pido a Dios que me deje verte desnuda Tú te vas, pero esta bellaquera continúa Me pongo celoso cuando hablas de él (shh) Dime qué vamo' a hacer Yo solo quiero hacerlo hasta el amanecer Porque sé que pronto vas a desaparecer Si fuera por mí, te llevara de gira Creo que voy a extrañar la forma esa en que me miras Con cara de nena buena pero bellaquita Esos ojitos que los poderes me quita Quiero verte brincando, toda mojadita Y tu cara cuando yo te pase la lengüita Y te traje en whiskicito con agüita tónica Yo sé que no eres virgen, que no eres católica Lo más que me gusta es que tú eres media complicá' Quiero ver cómo tus ojos se ponen con índica Verdecito' colora'o (colora'o), ao' No sé si se nota, me tienes desespera'o Soñando contigo todas las noches, desvela'o Déjame probarte y cada cual por su la'o, eh ¿Y qué vas a hacer si me pego Y te jalo por el pelo? Yo sé que te va a mojar Solo déjate llevar Y déjame sentirte una vez (sentirte una vez) Por si no te vuelvo a ver Luego lo sigo normal con mi vida Y tú la tuya con él (Y tú la tuya con él) (Tú la tuya con él) (Tú la tuya con él) (Tú la tuya con él)"
Neverita,"Yo 'toy puesto pa' ti y tú te me quita' Diablo, qué piquete la chamaquita El corazón lo puso en la neverita Dice que este verano se queda solita Yo 'toy puesto pa' ti y tú te me quita' Diablo, qué piquete la chamaquita El corazón lo puso en la neverita Dice que este verano se queda solita Pero nunca sola, sola Amores vienen y van, como las ola' El DM explotao', to's le escriben hola Una fila 'e cabrone' y yo quiero la cola Yeah, yeah, yeah Déjame untarte el sunblock pa' que no te queme' Aquí hay mucha' nenas linda', pero tú la tiene' Jugar conmigo, eso te entretiene No sea' mala, me tienes de meme Me siento como el sol, ey Cuando te pones sunblock Baby, déjame entrar, dale, quítame el lock, ey Yo me la pasaría contigo viendo TikTok Déjame sorprenderte, ey Déjame untarte el sunblock pa' que no te queme' Aquí hay mucha' nenas linda', pero tú la tiene' Jugar conmigo, eso te entretiene No sea' mala, me tienes de meme Yo 'toy puesto pa' ti y tú te me quita' Diablo, qué piquete la chamaquita El corazón lo puso en la neverita Dice que este verano se queda solita Pero nunca sola, sola Amores vienen y van, como las ola' Tú, lo que ere', e' una abusadora Vo'a buscarte una cerveza, y bebe' el cora"
La santa,"Tú no ere' una santa, ni yo soy un santo Nos conocimo' pecando, ahora me está' buscando Porque quiere más de mí (Bad), y yo te lo doy (Bunny) Te viene' y me voy (DY) Te lo dije que esto era pa' jugar Que no te podía' enamorar (¡sube, sube!) Que ahora me quiere' cambiar Sabiendo cómo soy, tú sabe' lo que doy No te haga', que tú ere' igual (¿qué, qué, qué?) No te haga' la santa, el perreo te encanta (you know) Y ahora me quiere' cambiar (yeh, eh) Sabiendo cómo soy, tú sabe' lo que doy No te haga', que tú ere' igual (tú ere' igual, bebé) No te haga' la santa, el perreo te encanta (Daddy) Mami, somo' polo positivo y negativo (¿qué?) A la flecha de Cupido siempre me le esquivo Tenemo' secreto' guarda'o en el archivo No va a haber confianza si contigo convivo Baby, 'tás calentándote, yo calentándome Y tú dice' que tú ere' brava, pero a vece' te me quita Y vuelve' y me excita' Pero yo no soy el hombre que necesita' Yo no voy con labia, no Tú sabía' la que había, baby El romance no es mi área, no No me diga' que te enamoraste de mí Yo no voy con labia, no Tú sabía' (tú sabía') la que había, baby El romance no es mi área, no No me diga' (no me diga') que te enamoraste de mí (mí) Y ahora me quiere' cambiar (sube) Sabiendo cómo soy, tú sabe' lo que doy No te haga', que tú ere' igual (tú ere' igual, bebé) No te haga' la santa, el perreo te encanta Y ahora me quiere' cambiar (me quiere' cambiar) Sabiendo cómo soy, tú sabe' lo que doy No te haga', que tú ere' igual No te haga' la santa, el perreo te encanta (Bad Bunny, c'mon) No me diga' que me quiere' No me diga' que me ama' Tú sabe' que no te creo Mucho meno' en tu cama Seguimo' envuelto' en la bellaquera Ey, ey, la noche entera Eso de enamorarse no es pa' cualquiera Tengo el corazón dentro de la nevera Lo tengo frío, frío, sorry, pero en nadie confío Tú sigue en lo tuyo y yo en lo mío Buena' noche', fue un placer, ey Pero no me va' a convencer (c'mon) Yo no voy con labia, no Tú sabía' la que había, baby El romance no es mi área, no No me diga' que te enamoraste de mí Yo no voy con labia, no Tú sabía' (tú sabía') la que había, baby El romance no es mi área, no No me diga' (no me diga') que te enamoraste de mí (mí) Y ahora me quieres cambiar Sabiendo cómo soy, tú sabe' lo que doy No te haga', que tú ere' igual (tú ere' igual) No te haga' la santa, el perreo te encanta Y ahora me quiere' cambiar Sabiendo cómo soy, tú sabe' lo que doy (yo') No te haga', que tú ere' igual No te haga' la santa, el perreo te encanta, eh Mucho party, mucho money Daddy Yankee, Bad Bunny Mucho party, mucho money Daddy Yankee, Bad Bunny"
Pa ti,"Te dijeron que soy un infiel (¡yeah!) Que no debes de confiar en mí (¡mí!) Dime si tú les vas a creer (¡eh!) Sabiendo que yo estoy puesto pa' ti, pa' ti Les picheo' a to' estas putas por ti Porque estoy puesto pa' ti, pa' ti Yo soy tuyo desde que te lo metí, yeah Yo te quiero pa' mi futuro Mira, baby, el amor de nosotros es puro Yo te hago sentir mujer cada vez que te torturo Te gusta que te lo meta bien duro Tú eras la luz que yo veía al final de lo oscuro (Mira, baby) estoy puesto pa' ti, baby, yo te lo juro (¡ah!) Yo no soy un hombre perfecto Yo no sé na' de esto, de amor, ni de polos opuestos Pero desde que estoy contigo yo me olvidé del resto Hoy voy pa' tu apartamento, los philly en el puesto El pasto y las percos, por ti yo las dejo Contigo voy a hacer lo correcto Quiero cambiarte la vida Baby, déjame sanar tus heridas Yo te doy to' los chavos que tú quieres Y te compro to' lo que tú me pidas Yo sé que antes tú tenías el corazón roto y el alma partida Confía en mí, yo quiero tenerte conmigo toa' la eternidad Porque sabes que estoy pa' ti, pa' ti Les picheo a to' estas putas por ti Porque estoy puesto pa' ti, pa' ti Yo soy tuyo desde que te lo metí (¡eh!) Baby, obvio no eres la primera Pero eres la verdadera Con la que mezclo amor y bellaquera Con la que gasto lo que se genera Yo no me pongo pa' cualquiera Pero tú eres genial y sincera Prende las velas y pon la bañera Qué hoy las Rosé nos las bebemos enteras Ellas se imaginan lo que ya tú has visto Envidiosas porque te desvisto Me escriben y las dejo en visto Por ti tentaciones resisto Dile a tu ex que no se pase de listo O le mando un pasaje pa' allá arriba con Jesucristo Y por él te juro que soy fiel Mi pasado ya es cosa de ayer No to' el tiempo va a ser luna de miel Pero to lo que te compro es Gucci o Chanel Por ti dejo to, menos el pacto Borré toa's las putas de mis contactos Baby, tú eres una diabla Y mi bicho contigo hizo un pacto, yeah Baby sabes que estoy pa' ti, pa ti Les picheo a to' estas putas por ti Porque estoy puesto pa' ti, pa' ti Yo soy tuyo desde que te lo metí Bad Bunny baby Bryant Myers Yeh, Alex Killer Kronix Magical Hear This Music DJ Luian Mambo Kingz Bryant Myers La Oscuridad Mira dímelo, Luian Bad Bunny Mambo Kingz La Comisión"
Un peso,"¿Pa' qué me vas a amar? Si ya te dije adiós Si ya me despedí de ti No quiero saber más de tus besos ¿Pa' qué me vas a amar? Ya te di tu perdón El rencor nunca ha estado en mí Ahora lo que hagas me vale un peso ¿Pa' qué me vas a amar? Pa' qué Si estamos en otras etapas y ya te olvidé Si por ti me jodí, caí y me levanté Con el que te venías ya se fue Me han llegado par de razones Que hayas roto corazones Tratando de llenar vacíos Que ni llenas con galones Si esta es pa' que borracha la entones De ti solo extraño hacerlo sin condones Y con razón tan poquito te dolió De cora' que no fui yo el que la nave despegó Y tu corazón idiota, siempre me extrañará, baby ¿Pa' qué me vas a amar? Si ya te dije adiós Si ya me despedí de ti No quiero saber más de tus besos ¿Pa' qué me vas a amar? Ya te di tu perdón El rencor nunca ha estado en mí Ahora lo que hagas me vale un peso Yo te amaba, yo te quería Pero ya se acabaron esos días Ahora lloras, arrepentida Pensando en mí mientras el café se te enfría Estoy seguro que extrañas mi lunar Y no tener a nadie pa' desayunar Lo siento, mi amor, solo me di mi lugar Busca otro corazón con el que jugar A ti fui religioso, yo te adoré La luna sabe lo que por ti lloré Cuando estaba triste Y tú nunca viniste Pero normal, normal Tranquila, que de ti yo no voy a hablar mal Te puedo perdonar, pero nunca olvidar No me hables bonito, vuelvo y repito ¿Pa' qué me vas a amar? Si ya te dije adiós Si ya me despedí de ti No quiero saber más de tus besos ¿Pa' qué me vas a amar? Ya te di tu perdón El rencor nunca ha estado en mí Ahora lo que hagas me vale un peso No te podrás hacer La cirugía estética del alma Para cambiar algo que no te falla Tu piedra angular, tu piedra angular ¡Qué me vas a amar! Yo existía si me imaginabas Y daba un brinco si decías rana Pero me cansó ser tu pendejo Porque perdiste sensibilidad Te fuiste sola sin mirar atrás Aprendiste a diferenciar Lo que parece y lo que es Lo que está escrito en las estrellas A lo que está escrito en un papel Otros amores también hay Como la novia de Forrest Gump Dice el reloj en la pared Si nuestro amor terminó ayer ¿Qué me vas a amar? ¿Qué me vas a amar? ¿Qué me vas a amar? Si ya te dije adiós Si ya me despedí de ti No quiero saber más de tus besos ¿Pa' qué me vas a amar? Ya te di tu perdón El rencor nunca ha estado en mí Ahora lo que hagas me vale un peso"
Un ratito,"Yeh, yeh, yeh, yeh Yeh, yeh, yeh, yeh, yeh Ey Quizás yo vuelva con mi ex Y no te vuelva a ver Quizás no te importa Quizás te va a doler Esto es un ratito, uoh Mami, no te acostumbres Que el amor es muy bonito Pero siempre hay algo que lo interrumpe Esto es un ratito, uoh Mami, no te acostumbres Que el amor es muy bonito Pero siempre hay algo que lo interrumpe Pa' mí que yo nací pa' estar solo No hay una loca pa' este loco El tiempo se va y queda poco Baby, vamo' a hacerlo otra ve', chingar otra ve' Porque mañana quizá no vo' a estar La luz se puso roja, hay que parar O si quieres, nos bajamos y podemos perrear Baby, esto no fue normal Con cualquiera, no me acuesto A cualquiera no le meto Ni le cuento mis secretos Me pongo feliz cuando llegan tus texto' Porque Con cualquiera, no me acuesto A cualquiera no le meto Ni le cuento mis secretos Me pongo feliz cuando llegan tus texto' O cuando en cuatro te lo meto Ey, y te mojas toa' Contigo me voy a toa' Ey, espero que la hayas pasado bien Y en verdad tú eres bien, pero Mi vida es complicada, tú no va' a entender Un poco inestable, como puede' ver Mami, fue rico conocerte Pero no sé si vuelvo a verte Esto es un ratito, uoh Mami, no te acostumbres Que el amor es muy bonito Pero siempre hay algo que lo interrumpe Pa' mí que yo nací pa' estar solo (Pa' mí que yo nací pa' estar solo)"
Ignorantes,"E, este es Sech Bad Bunny, baby Quizá' fui muy ignorante Hay cosas que no sabemos Quizá' no puse de mi parte (no) Pero tú pusiste menos La soledad no me asusta Pero dormir solo no me gusta Y no sé por qué nos dejamo' Si tú me amas y yo te amo Normal, yo sé que a vece' peleamo' Pero qué rico cuando chingamo' Y no sé por qué nos dejamo' Si tú me amas y yo te amo Normal, yo sé que a vece' peleamo' Pero qué rico cuando chingamo' Eh, eh, eh (ice) Mami, si quieres, nos quedamo' como panas Entre tus mala' decisione', yo no fui una mala Vuelve, si a la felicidad le tienes gana' Que ellos son el caballo negro y yo soy la cana Es que tú no cambia' Te quité el panty pa' poner mi suéter Champion Siempre que estás borracha, tú me llamas Y pasas las notas en mi cama No, baby No debí acostarme contigo Pero no (no) Si te atraparon, moléstate Pero no No digas que no te gustó No digas que no te gustó No digas que no te gustó Y no sé por qué nos dejamo' Si tú me amas y yo te amo Normal, yo sé que a vece' peleamo' Pero qué rico cuando chingamo' (yeh, yeh, yeh) Baby, te extraño to' los día', ey Nunca supe que te perdía Yo lo enrolaba, tú lo prendia' Y el otro despué' que te venia' Ahora en la cama se me hace gigante Nadie me da besito', pa' que me levante Espero que el perrito, los jevo' te espante Eh, eh, eh No sé si fue la distancia O tal vez culpa de mi ignorancia (eh) No sé si fue por mi inmadurez Que mi nena no quiere volver (eh) Quizá' necesitaba espacio, eh O ir más despacio', eh Hoy prendí pa' fumar Me puse a recordar y pensar Y no sé por qué nos dejamo' Si tú me amas y yo te amo Normal, yo sé que a vece' peleamo' Pero qué rico cuando chingamo' Y no sé por qué nos dejamo' Si tú me amas y yo te amo Normal, yo sé que a vece' peleamo' Pero qué rico cuando chingamo'"
Me fui de vacaciones,"Ey, ey El Sol salió a janguear con las nube' Y me regalaron un día cabrón Como cuando me quedaba en Boquerón O en Manatí Lo mejor nunca se sube A menos que en la radio salga esta canción Hoy, voy a darle paz a mi corazón Por eso me perdí Me fui de vacacione' Con muchas cerveza' y cancione' Un shot por las buenas amistade' Y por las bendicione' Y si el día se pone feo Tú me lo haces bonito Ya no pido más deseo' Tengo todo lo que necesito Ey, ey Y sorry por la gente que quiere saberlo to' Si pongo el location, ya no es un secret spot Hoy, voy a pasarla bien y no pensar en na' Y no pensar en na', y no pensar en na' Porque, a vece', pienso tanto Que me olvido de dar gracias cuando me levanto A veces, pienso tanto que me olvido de pensar en mí Que me olvido hasta de dormir, ey Así que no se asusten si desaparezco Un rato bien lejos, yo me lo merezco No me hablen del trabajo, no me hablen de escuela Que ya subí el ancla y abrí las vela' Puedo ver el paraíso llegando a Isabela Un mangó de Mayagüe', despué' pa' La Palguera Puerto Rico se ve lindo hasta en Google Maps Yo le quiero dar la vuelta con sensei, con Gabs Lo que traigo es vibra linda, no quiero frontear Pa' la' babie', yo después saco un disco de trap No me busque', que no me va' a encontrar No me va' a encontrar, no, no Me fui de vacacione' Con muchas cerveza' y cancione' Un shot por las buenas amistade' Y por las bendicione' Y si el día se pone feo Tú me lo haces bonito Ya no pido más deseo' Tengo todo lo que necesito Ey, ya no pido más deseo' Tengo todo lo que necesito"
2016,"(Bad Bunny, baby) Eh-eh, eh-eh-eh La vida es solo un momento Y el dinero no compra el tiempo Yo me acuerdo de tu talento Te estoy buscando y no te encuentro Dime qué tengo que hacer A dónde le tengo que caer Pa' pasar tres día' y dos noche' en el 2016 Ey, yo quiero darte por ley Dime qué tengo que hacer, ey A dónde le tengo que caer Pa' pasar tres día' y dos noche' en el 2016 Ey, yo quiero darte por ley Quisiera darle replay, escuchando Views de Drake El lean y el vape, la gorra Obey Una noche en el Mariott, otra noche en el Okay O en el parking de BK, ey Baby, extraño los polvo' al frente 'el parque Que me muerda', que me arañe', que me enmarque' Se acabaron los condone' en el minimarket Me fui acapella, uy, que Dios nos guarde De madrugada en tu cuarto, rulay Que no me pille tu pa'i Me voy a esconder en el clóset En lo que se va tu ma'i Baby, tú ere' un OG crush Desde que estaba en la high Ahora no sé na' de ti Desde que dijiste bye (bye) Lo mejor que hiciste Tú ni sabes lo peor (lo peor), ey, ey, ey La Isuzu ahora es Lamborghini Dime si quiere' una ride Dime qué tengo que hacer A dónde le tengo que caer Pa' pasar tres día' y dos noche' en el 2016 Ey, yo quiero darte por ley Dime qué tengo que hacer A dónde le tengo que caer Pa' pasar tres día' y dos noche' en el 2016 Ey, antes de que yo fuera un rey Ey, llama cuando él se vaya Si te ve conmigo, por ley, se desmaya Qué rico me lo mama, nunca me lo guaya Hoy tengo party en Dizu Mañana en Aljibe y me quedo por el Maya, ey Te voy a dar con euforia, tú ere' mi Zendaya Y yo me voy a dar un shot por ti Espero que estés bien Yo he estao' con mile' y tú sigue' en el top ten No me lo niegue', baby, que yo también, eh, eh Y yo me voy a dar un shot por ti Espero que estés bien Yo he estao' con mile' y tú sigue' en el top ten No me lo niegue', yo sé que yo también, ey Dime qué tengo que hacer A dónde le tengo que caer Pa' pasar tres día' y dos noche' en el 2016"
Si veo a tu mamá,"Yeh, yeh Todavía yo te quiero Pero sé que es un error Porque ya tú no me quieres Y sin ti me va mejor Y si veo a tu mamá (ey) Yo le pregunto por ti Pa' ver si ya tienes a alguien (¿uh?) Alguien que te haga feliz Y aquí estoy arrebata'o Pensando en to'a las vece' que te lo metí Pensando en to'a las vece' que estuve pa' ti (Pa' ti, pa' ti, pa' ti) No sé por qué diablo' me engaño (no) Diciendo que te olvidé cuando te extraño Solo comparto memes, ya yo no escribo nada (na') Y no he borra'o tu foto, solo la puse privada Maldito año nuevo y lo que me trajo, ey Me botaron del trabajo Por estar mirando pa' abajo Pensando en ti, siempre cabizbajo Me veo gordito, nada que rebajo (na') No sé por qué la vida me ultrajo (no) Pensando coger un atajo Conocí a alguien, pero no sé, nunca encajo Al menos que sea' tú (tú, tú, tú, tú) Baby, te quiero aunque diga lo contrario Llevo seis meses solitario, pero Hoy salí con lo' muchacho' a beber Y dije que, de ti, no iba a hablar (no, no, no) Son las cinco, ya va a amanecer Si no prenden, la voy a llamar Hoy salí con lo' muchacho' a beber Y dije que, de ti, no iba a hablar (no, no, no) Son las cinco, ya va a amanecer Si no prenden, la voy a llamar Todavía yo te quiero (yo te quiero) Pero sé que es un error (no se hace, no) Porque ya tú no me quieres (no, no) Y sin ti me va mejor (ju-ju) Y si veo a tu mamá (mami), ey Yo le pregunto por ti (okay) Pa' ver si ya tienes a alguien Alguien que te haga feliz"